target,K,fs,disc,score,accuracy,mean_prob_true,n_features_including_target,features,time_sec,model_pkl_path,edges_csv_path,error
throughput_1,3,markov,classic_uniform,bic,0.95009500950095,0.900815286753156,4.0,"['avg_p_latency_1', 'process_cpu_seconds_total_2', 'data_quality_1', 'throughput_1']",17.491761584,,,
throughput_1,3,markov,classic_uniform,aic,0.95009500950095,0.9055616148491173,4.0,"['avg_p_latency_1', 'process_cpu_seconds_total_2', 'data_quality_1', 'throughput_1']",18.769976749999998,,,
throughput_1,3,markov,classic_quantile,bic,0.8458845884588458,0.7748338767297411,4.0,"['avg_p_latency_1', 'process_cpu_seconds_total_2', 'data_quality_1', 'throughput_1']",18.477449999999997,,,
throughput_1,3,markov,classic_quantile,aic,0.8453845384538454,0.636075274369778,4.0,"['avg_p_latency_1', 'process_cpu_seconds_total_2', 'data_quality_1', 'throughput_1']",18.733515833,,,
throughput_1,3,markov,kmeans,bic,0.8778877887788779,0.8626291063584473,4.0,"['avg_p_latency_1', 'process_cpu_seconds_total_2', 'data_quality_1', 'throughput_1']",18.436681042000004,,,
throughput_1,3,markov,kmeans,aic,0.8778877887788779,0.8626291063584473,4.0,"['avg_p_latency_1', 'process_cpu_seconds_total_2', 'data_quality_1', 'throughput_1']",18.211012583,,,
throughput_1,3,markov,dbscan,bic,0.41574157415741575,0.3466748921011643,4.0,"['avg_p_latency_1', 'process_cpu_seconds_total_2', 'data_quality_1', 'throughput_1']",19.804877458999997,,,
throughput_1,3,markov,dbscan,aic,0.41784178417841783,0.34899722471191186,4.0,"['avg_p_latency_1', 'process_cpu_seconds_total_2', 'data_quality_1', 'throughput_1']",19.196275499999985,,,
throughput_1,3,mrmr,classic_uniform,bic,0.8798879887988799,0.889956978530219,4.0,"['avg_p_latency_1', 'throughput_2', 'data_quality_1', 'throughput_1']",21.758813540999995,,,
throughput_1,3,mrmr,classic_uniform,aic,0.8798879887988799,0.889956978530219,4.0,"['avg_p_latency_1', 'throughput_2', 'data_quality_1', 'throughput_1']",21.771620958,,,
throughput_1,3,mrmr,classic_quantile,bic,0.8460846084608461,0.7897055236667081,4.0,"['avg_p_latency_1', 'throughput_2', 'data_quality_1', 'throughput_1']",22.026509290999996,,,
throughput_1,3,mrmr,classic_quantile,aic,0.8460846084608461,0.6605735161585667,4.0,"['avg_p_latency_1', 'throughput_2', 'data_quality_1', 'throughput_1']",22.031250999999997,,,
throughput_1,3,mrmr,kmeans,bic,0.8778877887788779,0.8716262770526666,4.0,"['avg_p_latency_1', 'throughput_2', 'data_quality_1', 'throughput_1']",21.767069416999988,,,
throughput_1,3,mrmr,kmeans,aic,0.8778877887788779,0.8716262770526666,4.0,"['avg_p_latency_1', 'throughput_2', 'data_quality_1', 'throughput_1']",21.538287792000006,,,
throughput_1,3,mrmr,dbscan,bic,0.41574157415741575,0.3466748921011643,4.0,"['avg_p_latency_1', 'throughput_2', 'data_quality_1', 'throughput_1']",23.43928645799997,,,
throughput_1,3,mrmr,dbscan,aic,0.41784178417841783,0.34899722471191186,4.0,"['avg_p_latency_1', 'throughput_2', 'data_quality_1', 'throughput_1']",22.971156666000013,,,
throughput_1,3,pca,classic_uniform,bic,0.7280728072807281,0.48867514865793305,4.0,"['pca_1', 'pca_2', 'pca_3', 'throughput_1']",2.5787026249999485,,,
throughput_1,3,pca,classic_uniform,aic,0.7280728072807281,0.4887271538521296,4.0,"['pca_1', 'pca_2', 'pca_3', 'throughput_1']",2.555468167000015,,,
throughput_1,3,pca,classic_quantile,bic,0.3238323832383238,0.3270458558170183,4.0,"['pca_1', 'pca_2', 'pca_3', 'throughput_1']",2.2752374589999818,,,
throughput_1,3,pca,classic_quantile,aic,0.25922592259225924,0.2920949850817219,4.0,"['pca_1', 'pca_2', 'pca_3', 'throughput_1']",3.1879613329999756,,,
throughput_1,3,pca,kmeans,bic,0.6281628162816282,0.37710592089400574,4.0,"['pca_1', 'pca_2', 'pca_3', 'throughput_1']",2.7387841670000057,,,
throughput_1,3,pca,kmeans,aic,0.6201620162016201,0.42168948292873165,4.0,"['pca_1', 'pca_2', 'pca_3', 'throughput_1']",3.106639333999965,,,
throughput_1,3,pca,dbscan,bic,0.14441444144414442,0.05508522678172207,4.0,"['pca_1', 'pca_2', 'pca_3', 'throughput_1']",3.9761980829999857,,,
throughput_1,3,pca,dbscan,aic,0.14441444144414442,0.05508522678172207,4.0,"['pca_1', 'pca_2', 'pca_3', 'throughput_1']",3.5686569999999733,,,
throughput_1,8,markov,classic_uniform,bic,0.9606960696069607,0.6528517915978733,9.0,"['avg_p_latency_1', 'data_quality_1', 'cores_2', 'data_quality_3', 'throughput_2', 'process_cpu_seconds_total_2', 'python_gc_collections_total_1', 'python_gc_collections_total_4', 'throughput_1']",25.46674337500002,,,
throughput_1,8,markov,classic_uniform,aic,0.9603960396039604,0.6522096510226633,9.0,"['avg_p_latency_1', 'data_quality_1', 'cores_2', 'data_quality_3', 'throughput_2', 'process_cpu_seconds_total_2', 'python_gc_collections_total_1', 'python_gc_collections_total_4', 'throughput_1']",25.926091250000013,,,
throughput_1,8,markov,classic_quantile,bic,0.7966796679667967,0.7058136832471241,9.0,"['avg_p_latency_1', 'data_quality_1', 'cores_2', 'data_quality_3', 'throughput_2', 'process_cpu_seconds_total_2', 'python_gc_collections_total_1', 'python_gc_collections_total_4', 'throughput_1']",25.170221416999993,,,
throughput_1,8,markov,classic_quantile,aic,0.7925792579257925,0.608798350662844,9.0,"['avg_p_latency_1', 'data_quality_1', 'cores_2', 'data_quality_3', 'throughput_2', 'process_cpu_seconds_total_2', 'python_gc_collections_total_1', 'python_gc_collections_total_4', 'throughput_1']",26.17846958299998,,,
throughput_1,8,markov,kmeans,bic,0.8778877887788779,0.8614132356722719,9.0,"['avg_p_latency_1', 'data_quality_1', 'cores_2', 'data_quality_3', 'throughput_2', 'process_cpu_seconds_total_2', 'python_gc_collections_total_1', 'python_gc_collections_total_4', 'throughput_1']",24.057080332999988,,,
throughput_1,8,markov,kmeans,aic,0.7821782178217822,0.7227986019355144,9.0,"['avg_p_latency_1', 'data_quality_1', 'cores_2', 'data_quality_3', 'throughput_2', 'process_cpu_seconds_total_2', 'python_gc_collections_total_1', 'python_gc_collections_total_4', 'throughput_1']",24.97987145799999,,,
throughput_1,8,markov,dbscan,bic,0.41574157415741575,0.3466748921011643,7.0,"['avg_p_latency_1', 'data_quality_1', 'cores_2', 'data_quality_3', 'throughput_2', 'process_cpu_seconds_total_2', 'throughput_1']",28.589505791999954,,,
throughput_1,8,markov,dbscan,aic,0.41784178417841783,0.34899722471191186,7.0,"['avg_p_latency_1', 'data_quality_1', 'cores_2', 'data_quality_3', 'throughput_2', 'process_cpu_seconds_total_2', 'throughput_1']",29.478365583000027,,,
throughput_1,8,mrmr,classic_uniform,bic,0.94999499949995,0.9357113330436362,7.0,"['avg_p_latency_1', 'throughput_2', 'data_quality_1', 'python_gc_collections_total_4', 'throughput_3', 'buffer_size_2', 'throughput_1']",130.48946920800006,,,
throughput_1,8,mrmr,classic_uniform,aic,0.95009500950095,0.9362104662741875,7.0,"['avg_p_latency_1', 'throughput_2', 'data_quality_1', 'python_gc_collections_total_4', 'throughput_3', 'buffer_size_2', 'throughput_1']",129.68692216700003,,,
throughput_1,8,mrmr,classic_quantile,bic,0.8460846084608461,0.7770936863086423,7.0,"['avg_p_latency_1', 'throughput_2', 'data_quality_1', 'python_gc_collections_total_4', 'throughput_3', 'buffer_size_2', 'throughput_1']",126.20312420799996,,,
throughput_1,8,mrmr,classic_quantile,aic,0.8460846084608461,0.6983320966284834,7.0,"['avg_p_latency_1', 'throughput_2', 'data_quality_1', 'python_gc_collections_total_4', 'throughput_3', 'buffer_size_2', 'throughput_1']",127.63161237500003,,,
throughput_1,8,mrmr,kmeans,bic,0.907990799079908,0.8667680531240917,7.0,"['avg_p_latency_1', 'throughput_2', 'data_quality_1', 'python_gc_collections_total_4', 'throughput_3', 'buffer_size_2', 'throughput_1']",125.895343292,,,
throughput_1,8,mrmr,kmeans,aic,0.907990799079908,0.8367599169403639,7.0,"['avg_p_latency_1', 'throughput_2', 'data_quality_1', 'python_gc_collections_total_4', 'throughput_3', 'buffer_size_2', 'throughput_1']",127.6171851250001,,,
throughput_1,8,mrmr,dbscan,bic,0.41574157415741575,0.3466748921011643,6.0,"['avg_p_latency_1', 'throughput_2', 'data_quality_1', 'throughput_3', 'buffer_size_2', 'throughput_1']",127.31777362499997,,,
throughput_1,8,mrmr,dbscan,aic,0.41784178417841783,0.34899722471191186,6.0,"['avg_p_latency_1', 'throughput_2', 'data_quality_1', 'throughput_3', 'buffer_size_2', 'throughput_1']",128.0481760839998,,,
throughput_1,8,pca,classic_uniform,bic,0.5565556555655565,0.4539826895465422,9.0,"['pca_1', 'pca_2', 'pca_3', 'pca_4', 'pca_5', 'pca_6', 'pca_7', 'pca_8', 'throughput_1']",6.867083290999972,,,
throughput_1,8,pca,classic_uniform,aic,0.5485548554855486,0.47018373509887035,9.0,"['pca_1', 'pca_2', 'pca_3', 'pca_4', 'pca_5', 'pca_6', 'pca_7', 'pca_8', 'throughput_1']",8.183794833000093,,,
throughput_1,8,pca,classic_quantile,bic,0.20612061206120613,0.22812021098977478,9.0,"['pca_1', 'pca_2', 'pca_3', 'pca_4', 'pca_5', 'pca_6', 'pca_7', 'pca_8', 'throughput_1']",9.003539125000088,,,
throughput_1,8,pca,classic_quantile,aic,0.2081208120812081,0.2150043037591333,9.0,"['pca_1', 'pca_2', 'pca_3', 'pca_4', 'pca_5', 'pca_6', 'pca_7', 'pca_8', 'throughput_1']",11.024631500000169,,,
throughput_1,8,pca,kmeans,bic,0.49144914491449143,0.4769829915313978,9.0,"['pca_1', 'pca_2', 'pca_3', 'pca_4', 'pca_5', 'pca_6', 'pca_7', 'pca_8', 'throughput_1']",8.534915332999844,,,
throughput_1,8,pca,kmeans,aic,0.5124512451245125,0.4935419979371503,9.0,"['pca_1', 'pca_2', 'pca_3', 'pca_4', 'pca_5', 'pca_6', 'pca_7', 'pca_8', 'throughput_1']",9.0190896659999,,,
throughput_1,8,pca,dbscan,bic,0.14441444144414442,0.05858464304042308,8.0,"['pca_1', 'pca_2', 'pca_3', 'pca_4', 'pca_5', 'pca_6', 'pca_8', 'throughput_1']",18.072836041999835,,,
throughput_1,8,pca,dbscan,aic,0.14441444144414442,0.05858464304042308,8.0,"['pca_1', 'pca_2', 'pca_3', 'pca_4', 'pca_5', 'pca_6', 'pca_8', 'throughput_1']",15.485316249999869,,,
throughput_1,12,markov,classic_uniform,bic,0.9606960696069607,0.6528517915978731,13.0,"['avg_p_latency_1', 'data_quality_1', 'cores_2', 'data_quality_3', 'throughput_2', 'process_cpu_seconds_total_2', 'python_gc_collections_total_1', 'python_gc_collections_total_4', 'process_cpu_seconds_total_1', 'process_cpu_seconds_total_3', 'python_gc_objects_collected_total_2', 'python_gc_objects_collected_total_3', 'throughput_1']",27.84486562500001,,,
throughput_1,12,markov,classic_uniform,aic,0.9445944594459446,0.6480016298806933,13.0,"['avg_p_latency_1', 'data_quality_1', 'cores_2', 'data_quality_3', 'throughput_2', 'process_cpu_seconds_total_2', 'python_gc_collections_total_1', 'python_gc_collections_total_4', 'process_cpu_seconds_total_1', 'process_cpu_seconds_total_3', 'python_gc_objects_collected_total_2', 'python_gc_objects_collected_total_3', 'throughput_1']",28.548737083000105,,,
throughput_1,12,markov,classic_quantile,bic,0.7453745374537454,0.7070540720266861,13.0,"['avg_p_latency_1', 'data_quality_1', 'cores_2', 'data_quality_3', 'throughput_2', 'process_cpu_seconds_total_2', 'python_gc_collections_total_1', 'python_gc_collections_total_4', 'process_cpu_seconds_total_1', 'process_cpu_seconds_total_3', 'python_gc_objects_collected_total_2', 'python_gc_objects_collected_total_3', 'throughput_1']",27.563741832999995,,,
throughput_1,12,markov,classic_quantile,aic,0.7495749574957495,0.6655455060869326,13.0,"['avg_p_latency_1', 'data_quality_1', 'cores_2', 'data_quality_3', 'throughput_2', 'process_cpu_seconds_total_2', 'python_gc_collections_total_1', 'python_gc_collections_total_4', 'process_cpu_seconds_total_1', 'process_cpu_seconds_total_3', 'python_gc_objects_collected_total_2', 'python_gc_objects_collected_total_3', 'throughput_1']",27.42607491600006,,,
throughput_1,12,markov,kmeans,bic,0.8778877887788779,0.8614132356722719,13.0,"['avg_p_latency_1', 'data_quality_1', 'cores_2', 'data_quality_3', 'throughput_2', 'process_cpu_seconds_total_2', 'python_gc_collections_total_1', 'python_gc_collections_total_4', 'process_cpu_seconds_total_1', 'process_cpu_seconds_total_3', 'python_gc_objects_collected_total_2', 'python_gc_objects_collected_total_3', 'throughput_1']",25.888394040999856,,,
throughput_1,12,markov,kmeans,aic,0.7821782178217822,0.7144166148502434,13.0,"['avg_p_latency_1', 'data_quality_1', 'cores_2', 'data_quality_3', 'throughput_2', 'process_cpu_seconds_total_2', 'python_gc_collections_total_1', 'python_gc_collections_total_4', 'process_cpu_seconds_total_1', 'process_cpu_seconds_total_3', 'python_gc_objects_collected_total_2', 'python_gc_objects_collected_total_3', 'throughput_1']",26.739168374999963,,,
throughput_1,12,markov,dbscan,bic,0.41574157415741575,0.3466748921011643,10.0,"['avg_p_latency_1', 'data_quality_1', 'cores_2', 'data_quality_3', 'throughput_2', 'process_cpu_seconds_total_2', 'process_cpu_seconds_total_3', 'python_gc_objects_collected_total_2', 'python_gc_objects_collected_total_3', 'throughput_1']",30.307702542000015,,,
throughput_1,12,markov,dbscan,aic,0.41784178417841783,0.34899722471191186,10.0,"['avg_p_latency_1', 'data_quality_1', 'cores_2', 'data_quality_3', 'throughput_2', 'process_cpu_seconds_total_2', 'process_cpu_seconds_total_3', 'python_gc_objects_collected_total_2', 'python_gc_objects_collected_total_3', 'throughput_1']",30.58037037500003,,,
throughput_1,12,mrmr,classic_uniform,bic,0.94999499949995,0.9359480011379473,9.0,"['avg_p_latency_1', 'throughput_2', 'data_quality_1', 'python_gc_collections_total_4', 'throughput_3', 'buffer_size_2', 'python_gc_objects_collected_total_1', 'buffer_size_3', 'throughput_1']",282.06236491699997,,,
throughput_1,12,mrmr,classic_uniform,aic,0.934993499349935,0.7922765920498152,9.0,"['avg_p_latency_1', 'throughput_2', 'data_quality_1', 'python_gc_collections_total_4', 'throughput_3', 'buffer_size_2', 'python_gc_objects_collected_total_1', 'buffer_size_3', 'throughput_1']",283.2520664580002,,,
throughput_1,12,mrmr,classic_quantile,bic,0.8675867586758675,0.7502732325267414,9.0,"['avg_p_latency_1', 'throughput_2', 'data_quality_1', 'python_gc_collections_total_4', 'throughput_3', 'buffer_size_2', 'python_gc_objects_collected_total_1', 'buffer_size_3', 'throughput_1']",282.6632800829998,,,
throughput_1,12,mrmr,classic_quantile,aic,0.8628862886288629,0.7172243729400232,9.0,"['avg_p_latency_1', 'throughput_2', 'data_quality_1', 'python_gc_collections_total_4', 'throughput_3', 'buffer_size_2', 'python_gc_objects_collected_total_1', 'buffer_size_3', 'throughput_1']",284.9747364580003,,,
throughput_1,12,mrmr,kmeans,bic,0.890989098909891,0.8406244843379926,9.0,"['avg_p_latency_1', 'throughput_2', 'data_quality_1', 'python_gc_collections_total_4', 'throughput_3', 'buffer_size_2', 'python_gc_objects_collected_total_1', 'buffer_size_3', 'throughput_1']",284.4653141670001,,,
throughput_1,12,mrmr,kmeans,aic,0.9028902890289029,0.8123817032349762,9.0,"['avg_p_latency_1', 'throughput_2', 'data_quality_1', 'python_gc_collections_total_4', 'throughput_3', 'buffer_size_2', 'python_gc_objects_collected_total_1', 'buffer_size_3', 'throughput_1']",284.6963009169999,,,
throughput_1,12,mrmr,dbscan,bic,0.41574157415741575,0.3466748921011643,8.0,"['avg_p_latency_1', 'throughput_2', 'data_quality_1', 'throughput_3', 'buffer_size_2', 'python_gc_objects_collected_total_1', 'buffer_size_3', 'throughput_1']",281.8493907500001,,,
throughput_1,12,mrmr,dbscan,aic,0.41784178417841783,0.34899722471191186,8.0,"['avg_p_latency_1', 'throughput_2', 'data_quality_1', 'throughput_3', 'buffer_size_2', 'python_gc_objects_collected_total_1', 'buffer_size_3', 'throughput_1']",282.34987649999994,,,
throughput_1,12,pca,classic_uniform,bic,0.4385438543854385,0.4346209476372108,13.0,"['pca_1', 'pca_2', 'pca_3', 'pca_4', 'pca_5', 'pca_6', 'pca_7', 'pca_8', 'pca_9', 'pca_10', 'pca_11', 'pca_12', 'throughput_1']",13.40408487500008,,,
throughput_1,12,pca,classic_uniform,aic,0.5925592559255926,0.5461487206403289,13.0,"['pca_1', 'pca_2', 'pca_3', 'pca_4', 'pca_5', 'pca_6', 'pca_7', 'pca_8', 'pca_9', 'pca_10', 'pca_11', 'pca_12', 'throughput_1']",15.663105833000373,,,
throughput_1,12,pca,classic_quantile,bic,0.3161316131613161,0.29299108463331597,13.0,"['pca_1', 'pca_2', 'pca_3', 'pca_4', 'pca_5', 'pca_6', 'pca_7', 'pca_8', 'pca_9', 'pca_10', 'pca_11', 'pca_12', 'throughput_1']",17.73073904099965,,,
throughput_1,12,pca,classic_quantile,aic,0.3161316131613161,0.292991084633316,13.0,"['pca_1', 'pca_2', 'pca_3', 'pca_4', 'pca_5', 'pca_6', 'pca_7', 'pca_8', 'pca_9', 'pca_10', 'pca_11', 'pca_12', 'throughput_1']",18.773561832999803,,,
throughput_1,12,pca,kmeans,bic,0.5078507850785079,0.48529622884422136,13.0,"['pca_1', 'pca_2', 'pca_3', 'pca_4', 'pca_5', 'pca_6', 'pca_7', 'pca_8', 'pca_9', 'pca_10', 'pca_11', 'pca_12', 'throughput_1']",15.941884458000459,,,
throughput_1,12,pca,kmeans,aic,0.47924792479247924,0.47542524875610515,13.0,"['pca_1', 'pca_2', 'pca_3', 'pca_4', 'pca_5', 'pca_6', 'pca_7', 'pca_8', 'pca_9', 'pca_10', 'pca_11', 'pca_12', 'throughput_1']",16.072409708000123,,,
throughput_1,12,pca,dbscan,bic,0.14441444144414442,0.05865599185707398,12.0,"['pca_1', 'pca_2', 'pca_3', 'pca_4', 'pca_5', 'pca_6', 'pca_8', 'pca_9', 'pca_10', 'pca_11', 'pca_12', 'throughput_1']",15.063341916999889,,,
throughput_1,12,pca,dbscan,aic,0.09910991099109911,0.035447395293342905,12.0,"['pca_1', 'pca_2', 'pca_3', 'pca_4', 'pca_5', 'pca_6', 'pca_8', 'pca_9', 'pca_10', 'pca_11', 'pca_12', 'throughput_1']",36.62104795800042,,,
throughput_1,20,markov,classic_uniform,bic,0.9606960696069607,0.6191554470853962,21.0,"['avg_p_latency_1', 'data_quality_1', 'cores_2', 'data_quality_3', 'throughput_2', 'process_cpu_seconds_total_2', 'python_gc_collections_total_1', 'python_gc_collections_total_4', 'process_cpu_seconds_total_1', 'process_cpu_seconds_total_3', 'python_gc_objects_collected_total_2', 'python_gc_objects_collected_total_3', 'python_gc_collections_total_2', 'python_gc_collections_total_3', 'python_gc_collections_total_7', 'python_gc_collections_total_5', 'python_gc_collections_total_6', 'python_gc_objects_collected_total_5', 'python_gc_objects_collected_total_6', 'python_gc_objects_collected_total_1', 'throughput_1']",36.507142458999624,,,
throughput_1,20,markov,classic_uniform,aic,0.8938893889388939,0.6192784861010896,21.0,"['avg_p_latency_1', 'data_quality_1', 'cores_2', 'data_quality_3', 'throughput_2', 'process_cpu_seconds_total_2', 'python_gc_collections_total_1', 'python_gc_collections_total_4', 'process_cpu_seconds_total_1', 'process_cpu_seconds_total_3', 'python_gc_objects_collected_total_2', 'python_gc_objects_collected_total_3', 'python_gc_collections_total_2', 'python_gc_collections_total_3', 'python_gc_collections_total_7', 'python_gc_collections_total_5', 'python_gc_collections_total_6', 'python_gc_objects_collected_total_5', 'python_gc_objects_collected_total_6', 'python_gc_objects_collected_total_1', 'throughput_1']",36.71866308300014,,,
throughput_1,20,markov,classic_quantile,bic,0.7358735873587359,0.7013656232969638,21.0,"['avg_p_latency_1', 'data_quality_1', 'cores_2', 'data_quality_3', 'throughput_2', 'process_cpu_seconds_total_2', 'python_gc_collections_total_1', 'python_gc_collections_total_4', 'process_cpu_seconds_total_1', 'process_cpu_seconds_total_3', 'python_gc_objects_collected_total_2', 'python_gc_objects_collected_total_3', 'python_gc_collections_total_2', 'python_gc_collections_total_3', 'python_gc_collections_total_7', 'python_gc_collections_total_5', 'python_gc_collections_total_6', 'python_gc_objects_collected_total_5', 'python_gc_objects_collected_total_6', 'python_gc_objects_collected_total_1', 'throughput_1']",33.90172141699986,,,
throughput_1,20,markov,classic_quantile,aic,0.7495749574957495,0.6616173788368959,21.0,"['avg_p_latency_1', 'data_quality_1', 'cores_2', 'data_quality_3', 'throughput_2', 'process_cpu_seconds_total_2', 'python_gc_collections_total_1', 'python_gc_collections_total_4', 'process_cpu_seconds_total_1', 'process_cpu_seconds_total_3', 'python_gc_objects_collected_total_2', 'python_gc_objects_collected_total_3', 'python_gc_collections_total_2', 'python_gc_collections_total_3', 'python_gc_collections_total_7', 'python_gc_collections_total_5', 'python_gc_collections_total_6', 'python_gc_objects_collected_total_5', 'python_gc_objects_collected_total_6', 'python_gc_objects_collected_total_1', 'throughput_1']",36.45273499999985,,,
throughput_1,20,markov,kmeans,bic,0.8778877887788779,0.8614132356722719,21.0,"['avg_p_latency_1', 'data_quality_1', 'cores_2', 'data_quality_3', 'throughput_2', 'process_cpu_seconds_total_2', 'python_gc_collections_total_1', 'python_gc_collections_total_4', 'process_cpu_seconds_total_1', 'process_cpu_seconds_total_3', 'python_gc_objects_collected_total_2', 'python_gc_objects_collected_total_3', 'python_gc_collections_total_2', 'python_gc_collections_total_3', 'python_gc_collections_total_7', 'python_gc_collections_total_5', 'python_gc_collections_total_6', 'python_gc_objects_collected_total_5', 'python_gc_objects_collected_total_6', 'python_gc_objects_collected_total_1', 'throughput_1']",32.04351983300057,,,
throughput_1,20,markov,kmeans,aic,0.7821782178217822,0.7058484237007218,21.0,"['avg_p_latency_1', 'data_quality_1', 'cores_2', 'data_quality_3', 'throughput_2', 'process_cpu_seconds_total_2', 'python_gc_collections_total_1', 'python_gc_collections_total_4', 'process_cpu_seconds_total_1', 'process_cpu_seconds_total_3', 'python_gc_objects_collected_total_2', 'python_gc_objects_collected_total_3', 'python_gc_collections_total_2', 'python_gc_collections_total_3', 'python_gc_collections_total_7', 'python_gc_collections_total_5', 'python_gc_collections_total_6', 'python_gc_objects_collected_total_5', 'python_gc_objects_collected_total_6', 'python_gc_objects_collected_total_1', 'throughput_1']",31.74608616600017,,,
throughput_1,20,markov,dbscan,bic,0.41574157415741575,0.3466748921011643,18.0,"['avg_p_latency_1', 'data_quality_1', 'cores_2', 'data_quality_3', 'throughput_2', 'process_cpu_seconds_total_2', 'process_cpu_seconds_total_3', 'python_gc_objects_collected_total_2', 'python_gc_objects_collected_total_3', 'python_gc_collections_total_2', 'python_gc_collections_total_3', 'python_gc_collections_total_7', 'python_gc_collections_total_5', 'python_gc_collections_total_6', 'python_gc_objects_collected_total_5', 'python_gc_objects_collected_total_6', 'python_gc_objects_collected_total_1', 'throughput_1']",42.01236741699995,,,
throughput_1,20,markov,dbscan,aic,0.41784178417841783,0.34899722471191186,18.0,"['avg_p_latency_1', 'data_quality_1', 'cores_2', 'data_quality_3', 'throughput_2', 'process_cpu_seconds_total_2', 'process_cpu_seconds_total_3', 'python_gc_objects_collected_total_2', 'python_gc_objects_collected_total_3', 'python_gc_collections_total_2', 'python_gc_collections_total_3', 'python_gc_collections_total_7', 'python_gc_collections_total_5', 'python_gc_collections_total_6', 'python_gc_objects_collected_total_5', 'python_gc_objects_collected_total_6', 'python_gc_objects_collected_total_1', 'throughput_1']",39.07366408300004,,,
throughput_1,20,mrmr,classic_uniform,bic,0.9342934293429342,0.8675908274557931,14.0,"['avg_p_latency_1', 'throughput_2', 'data_quality_1', 'python_gc_collections_total_4', 'throughput_3', 'buffer_size_2', 'python_gc_objects_collected_total_1', 'buffer_size_3', 'data_quality_2', 'python_gc_objects_collected_total_8', 'python_gc_collections_total_7', 'scrape_duration_seconds_1', 'python_gc_objects_collected_total_9', 'throughput_1']",727.0700375409997,,,
throughput_1,20,mrmr,classic_uniform,aic,0.934993499349935,0.7944781162528025,14.0,"['avg_p_latency_1', 'throughput_2', 'data_quality_1', 'python_gc_collections_total_4', 'throughput_3', 'buffer_size_2', 'python_gc_objects_collected_total_1', 'buffer_size_3', 'data_quality_2', 'python_gc_objects_collected_total_8', 'python_gc_collections_total_7', 'scrape_duration_seconds_1', 'python_gc_objects_collected_total_9', 'throughput_1']",734.0873770409999,,,
throughput_1,20,mrmr,classic_quantile,bic,0.7961796179617961,0.6059789063827996,14.0,"['avg_p_latency_1', 'throughput_2', 'data_quality_1', 'python_gc_collections_total_4', 'throughput_3', 'buffer_size_2', 'python_gc_objects_collected_total_1', 'buffer_size_3', 'data_quality_2', 'python_gc_objects_collected_total_8', 'python_gc_collections_total_7', 'scrape_duration_seconds_1', 'python_gc_objects_collected_total_9', 'throughput_1']",725.0212874999997,,,
throughput_1,20,mrmr,classic_quantile,aic,0.6155615561556156,0.5960443167945318,14.0,"['avg_p_latency_1', 'throughput_2', 'data_quality_1', 'python_gc_collections_total_4', 'throughput_3', 'buffer_size_2', 'python_gc_objects_collected_total_1', 'buffer_size_3', 'data_quality_2', 'python_gc_objects_collected_total_8', 'python_gc_collections_total_7', 'scrape_duration_seconds_1', 'python_gc_objects_collected_total_9', 'throughput_1']",733.4682035420001,,,
throughput_1,20,mrmr,kmeans,bic,0.8931893189318932,0.8310744938894278,14.0,"['avg_p_latency_1', 'throughput_2', 'data_quality_1', 'python_gc_collections_total_4', 'throughput_3', 'buffer_size_2', 'python_gc_objects_collected_total_1', 'buffer_size_3', 'data_quality_2', 'python_gc_objects_collected_total_8', 'python_gc_collections_total_7', 'scrape_duration_seconds_1', 'python_gc_objects_collected_total_9', 'throughput_1']",733.196466292,,,
throughput_1,20,mrmr,kmeans,aic,0.8936893689368937,0.7706590485705539,14.0,"['avg_p_latency_1', 'throughput_2', 'data_quality_1', 'python_gc_collections_total_4', 'throughput_3', 'buffer_size_2', 'python_gc_objects_collected_total_1', 'buffer_size_3', 'data_quality_2', 'python_gc_objects_collected_total_8', 'python_gc_collections_total_7', 'scrape_duration_seconds_1', 'python_gc_objects_collected_total_9', 'throughput_1']",735.5194205839998,,,
throughput_1,20,mrmr,dbscan,bic,0.41574157415741575,0.3466748921011643,12.0,"['avg_p_latency_1', 'throughput_2', 'data_quality_1', 'throughput_3', 'buffer_size_2', 'python_gc_objects_collected_total_1', 'buffer_size_3', 'data_quality_2', 'python_gc_objects_collected_total_8', 'python_gc_collections_total_7', 'python_gc_objects_collected_total_9', 'throughput_1']",767.6727460419988,,,
throughput_1,20,mrmr,dbscan,aic,0.41784178417841783,0.34899722471191186,12.0,"['avg_p_latency_1', 'throughput_2', 'data_quality_1', 'throughput_3', 'buffer_size_2', 'python_gc_objects_collected_total_1', 'buffer_size_3', 'data_quality_2', 'python_gc_objects_collected_total_8', 'python_gc_collections_total_7', 'python_gc_objects_collected_total_9', 'throughput_1']",768.8454811250012,,,
throughput_1,20,pca,classic_uniform,bic,0.8445844584458446,0.3652669786367109,21.0,"['pca_1', 'pca_2', 'pca_3', 'pca_4', 'pca_5', 'pca_6', 'pca_7', 'pca_8', 'pca_9', 'pca_10', 'pca_11', 'pca_12', 'pca_13', 'pca_14', 'pca_15', 'pca_16', 'pca_17', 'pca_18', 'pca_19', 'pca_20', 'throughput_1']",43.247443166001176,,,
throughput_1,20,pca,classic_uniform,aic,0.8577857785778578,0.3352559823719875,21.0,"['pca_1', 'pca_2', 'pca_3', 'pca_4', 'pca_5', 'pca_6', 'pca_7', 'pca_8', 'pca_9', 'pca_10', 'pca_11', 'pca_12', 'pca_13', 'pca_14', 'pca_15', 'pca_16', 'pca_17', 'pca_18', 'pca_19', 'pca_20', 'throughput_1']",43.852909125000224,,,
throughput_1,20,pca,classic_quantile,bic,0.5399539953995399,0.27974755964800513,21.0,"['pca_1', 'pca_2', 'pca_3', 'pca_4', 'pca_5', 'pca_6', 'pca_7', 'pca_8', 'pca_9', 'pca_10', 'pca_11', 'pca_12', 'pca_13', 'pca_14', 'pca_15', 'pca_16', 'pca_17', 'pca_18', 'pca_19', 'pca_20', 'throughput_1']",44.86957487500149,,,
throughput_1,20,pca,classic_quantile,aic,0.5223522352235224,0.2863286578671076,21.0,"['pca_1', 'pca_2', 'pca_3', 'pca_4', 'pca_5', 'pca_6', 'pca_7', 'pca_8', 'pca_9', 'pca_10', 'pca_11', 'pca_12', 'pca_13', 'pca_14', 'pca_15', 'pca_16', 'pca_17', 'pca_18', 'pca_19', 'pca_20', 'throughput_1']",50.93980329199985,,,
throughput_1,20,pca,kmeans,bic,0.47954795479547957,0.39472229800287784,21.0,"['pca_1', 'pca_2', 'pca_3', 'pca_4', 'pca_5', 'pca_6', 'pca_7', 'pca_8', 'pca_9', 'pca_10', 'pca_11', 'pca_12', 'pca_13', 'pca_14', 'pca_15', 'pca_16', 'pca_17', 'pca_18', 'pca_19', 'pca_20', 'throughput_1']",52.39915724999992,,,
throughput_1,20,pca,kmeans,aic,0.7136713671367136,0.3234366006191416,21.0,"['pca_1', 'pca_2', 'pca_3', 'pca_4', 'pca_5', 'pca_6', 'pca_7', 'pca_8', 'pca_9', 'pca_10', 'pca_11', 'pca_12', 'pca_13', 'pca_14', 'pca_15', 'pca_16', 'pca_17', 'pca_18', 'pca_19', 'pca_20', 'throughput_1']",41.741102292000505,,,
throughput_1,20,pca,dbscan,bic,0.14441444144414442,0.05865599185707398,20.0,"['pca_1', 'pca_2', 'pca_3', 'pca_4', 'pca_5', 'pca_6', 'pca_8', 'pca_9', 'pca_10', 'pca_11', 'pca_12', 'pca_13', 'pca_14', 'pca_15', 'pca_16', 'pca_17', 'pca_18', 'pca_19', 'pca_20', 'throughput_1']",24.924423500000557,,,
throughput_1,20,pca,dbscan,aic,0.19841984198419843,0.07987587189476632,20.0,"['pca_1', 'pca_2', 'pca_3', 'pca_4', 'pca_5', 'pca_6', 'pca_8', 'pca_9', 'pca_10', 'pca_11', 'pca_12', 'pca_13', 'pca_14', 'pca_15', 'pca_16', 'pca_17', 'pca_18', 'pca_19', 'pca_20', 'throughput_1']",72.05274441599977,,,
throughput_2,3,markov,classic_uniform,bic,0.6141614161416141,0.409251861445132,4.0,"['process_cpu_seconds_total_2', 'throughput_3', 'process_resident_memory_bytes_3', 'throughput_2']",18.7212410000011,,,
throughput_2,3,markov,classic_uniform,aic,0.6141614161416141,0.409251861445132,4.0,"['process_cpu_seconds_total_2', 'throughput_3', 'process_resident_memory_bytes_3', 'throughput_2']",19.050726207999105,,,
throughput_2,3,markov,classic_quantile,bic,0.21952195219521953,0.2523834349639678,4.0,"['process_cpu_seconds_total_2', 'throughput_3', 'process_resident_memory_bytes_3', 'throughput_2']",18.493354332998933,,,
throughput_2,3,markov,classic_quantile,aic,0.8209820982098209,0.6842766793437574,4.0,"['process_cpu_seconds_total_2', 'throughput_3', 'process_resident_memory_bytes_3', 'throughput_2']",19.158144125000035,,,
throughput_2,3,markov,kmeans,bic,0.5318531853185319,0.32957436242732974,4.0,"['process_cpu_seconds_total_2', 'throughput_3', 'process_resident_memory_bytes_3', 'throughput_2']",18.79999025000143,,,
throughput_2,3,markov,kmeans,aic,0.5318531853185319,0.32957436242732974,4.0,"['process_cpu_seconds_total_2', 'throughput_3', 'process_resident_memory_bytes_3', 'throughput_2']",18.395329875000243,,,
throughput_2,3,markov,dbscan,bic,,,,,16.69557999999961,,,The node throughput_2_t1 is not in the digraph.
throughput_2,3,markov,dbscan,aic,0.15301530153015303,0.05489253776529247,4.0,"['process_cpu_seconds_total_2', 'throughput_3', 'process_resident_memory_bytes_3', 'throughput_2']",19.245754707999367,,,
throughput_2,3,mrmr,classic_uniform,bic,0.7934793479347935,0.7026977197647588,4.0,"['buffer_size_2', 'buffer_size_3', 'throughput_1', 'throughput_2']",20.444700916999864,,,
throughput_2,3,mrmr,classic_uniform,aic,0.6476647664766476,0.4273076058553597,4.0,"['buffer_size_2', 'buffer_size_3', 'throughput_1', 'throughput_2']",21.295657832999495,,,
throughput_2,3,mrmr,classic_quantile,bic,0.7501750175017502,0.6880597325676064,4.0,"['buffer_size_2', 'buffer_size_3', 'throughput_1', 'throughput_2']",20.751758207999956,,,
throughput_2,3,mrmr,classic_quantile,aic,0.7246724672467246,0.6992100403431577,4.0,"['buffer_size_2', 'buffer_size_3', 'throughput_1', 'throughput_2']",20.67389966600058,,,
throughput_2,3,mrmr,kmeans,bic,0.6409640964096409,0.3581611068411716,4.0,"['buffer_size_2', 'buffer_size_3', 'throughput_1', 'throughput_2']",21.569913583000016,,,
throughput_2,3,mrmr,kmeans,aic,0.8304830483048304,0.798251054634353,4.0,"['buffer_size_2', 'buffer_size_3', 'throughput_1', 'throughput_2']",20.76797283399901,,,
throughput_2,3,mrmr,dbscan,bic,0.5379537953795379,0.31795364082096517,4.0,"['buffer_size_2', 'buffer_size_3', 'throughput_1', 'throughput_2']",20.66237483400073,,,
throughput_2,3,mrmr,dbscan,aic,0.5379537953795379,0.31795364082096517,4.0,"['buffer_size_2', 'buffer_size_3', 'throughput_1', 'throughput_2']",22.952021166998748,,,
throughput_2,3,pca,classic_uniform,bic,0.5684568456845684,0.37429465212165014,4.0,"['pca_1', 'pca_2', 'pca_3', 'throughput_2']",2.657814416999827,,,
throughput_2,3,pca,classic_uniform,aic,0.5684568456845684,0.37429465212165014,4.0,"['pca_1', 'pca_2', 'pca_3', 'throughput_2']",2.680751584000973,,,
throughput_2,3,pca,classic_quantile,bic,0.33973397339733974,0.2936864057217056,4.0,"['pca_1', 'pca_2', 'pca_3', 'throughput_2']",2.6605266670012497,,,
throughput_2,3,pca,classic_quantile,aic,0.34013401340134014,0.29388714192940135,4.0,"['pca_1', 'pca_2', 'pca_3', 'throughput_2']",2.64544025000032,,,
throughput_2,3,pca,kmeans,bic,0.40284028402840283,0.34241028621642716,4.0,"['pca_1', 'pca_2', 'pca_3', 'throughput_2']",2.942258958999446,,,
throughput_2,3,pca,kmeans,aic,0.4233423342334233,0.3533632074960707,4.0,"['pca_1', 'pca_2', 'pca_3', 'throughput_2']",3.0899483329994837,,,
throughput_2,3,pca,dbscan,bic,,,,,0.9153587090004294,,,The node throughput_2_t1 is not in the digraph.
throughput_2,3,pca,dbscan,aic,,,,,0.7523377500001516,,,The node throughput_2_t1 is not in the digraph.
throughput_2,8,markov,classic_uniform,bic,0.7222722272227222,0.5396044312209729,9.0,"['process_cpu_seconds_total_2', 'throughput_3', 'process_resident_memory_bytes_3', 'throughput_1', 'avg_p_latency_1', 'data_quality_2', 'data_quality_3', 'python_gc_objects_collected_total_7', 'throughput_2']",25.071121999999377,,,
throughput_2,8,markov,classic_uniform,aic,0.7037703770377037,0.5195691456554414,9.0,"['process_cpu_seconds_total_2', 'throughput_3', 'process_resident_memory_bytes_3', 'throughput_1', 'avg_p_latency_1', 'data_quality_2', 'data_quality_3', 'python_gc_objects_collected_total_7', 'throughput_2']",26.230471457998647,,,
throughput_2,8,markov,classic_quantile,bic,0.6290629062906291,0.5333841540036988,9.0,"['process_cpu_seconds_total_2', 'throughput_3', 'process_resident_memory_bytes_3', 'throughput_1', 'avg_p_latency_1', 'data_quality_2', 'data_quality_3', 'python_gc_objects_collected_total_7', 'throughput_2']",25.495418833001168,,,
throughput_2,8,markov,classic_quantile,aic,0.6588658865886589,0.5309873775581052,9.0,"['process_cpu_seconds_total_2', 'throughput_3', 'process_resident_memory_bytes_3', 'throughput_1', 'avg_p_latency_1', 'data_quality_2', 'data_quality_3', 'python_gc_objects_collected_total_7', 'throughput_2']",29.703295166000316,,,
throughput_2,8,markov,kmeans,bic,0.7987798779877988,0.6220662824207677,9.0,"['process_cpu_seconds_total_2', 'throughput_3', 'process_resident_memory_bytes_3', 'throughput_1', 'avg_p_latency_1', 'data_quality_2', 'data_quality_3', 'python_gc_objects_collected_total_7', 'throughput_2']",26.54516033300024,,,
throughput_2,8,markov,kmeans,aic,0.6145614561456145,0.4414459687547787,9.0,"['process_cpu_seconds_total_2', 'throughput_3', 'process_resident_memory_bytes_3', 'throughput_1', 'avg_p_latency_1', 'data_quality_2', 'data_quality_3', 'python_gc_objects_collected_total_7', 'throughput_2']",25.331208167001023,,,
throughput_2,8,markov,dbscan,bic,0.38793879387938796,0.21958939774574898,9.0,"['process_cpu_seconds_total_2', 'throughput_3', 'process_resident_memory_bytes_3', 'throughput_1', 'avg_p_latency_1', 'data_quality_2', 'data_quality_3', 'python_gc_objects_collected_total_7', 'throughput_2']",25.697808291999536,,,
throughput_2,8,markov,dbscan,aic,0.39123912391239124,0.10564955532412638,9.0,"['process_cpu_seconds_total_2', 'throughput_3', 'process_resident_memory_bytes_3', 'throughput_1', 'avg_p_latency_1', 'data_quality_2', 'data_quality_3', 'python_gc_objects_collected_total_7', 'throughput_2']",80.22951162500067,,,
throughput_2,8,mrmr,classic_uniform,bic,0.8002800280028003,0.7842877565612164,9.0,"['buffer_size_2', 'buffer_size_3', 'throughput_1', 'avg_p_latency_2', 'throughput_3', 'data_quality_1', 'python_gc_objects_collected_total_7', 'avg_p_latency_1', 'throughput_2']",135.62375149999934,,,
throughput_2,8,mrmr,classic_uniform,aic,0.8302830283028303,0.7728336506185596,9.0,"['buffer_size_2', 'buffer_size_3', 'throughput_1', 'avg_p_latency_2', 'throughput_3', 'data_quality_1', 'python_gc_objects_collected_total_7', 'avg_p_latency_1', 'throughput_2']",139.04057095799908,,,
throughput_2,8,mrmr,classic_quantile,bic,0.8862886288628863,0.8067385319230763,9.0,"['buffer_size_2', 'buffer_size_3', 'throughput_1', 'avg_p_latency_2', 'throughput_3', 'data_quality_1', 'python_gc_objects_collected_total_7', 'avg_p_latency_1', 'throughput_2']",140.5130079999999,,,
throughput_2,8,mrmr,classic_quantile,aic,0.905990599059906,0.7549434762706594,9.0,"['buffer_size_2', 'buffer_size_3', 'throughput_1', 'avg_p_latency_2', 'throughput_3', 'data_quality_1', 'python_gc_objects_collected_total_7', 'avg_p_latency_1', 'throughput_2']",141.84384133300046,,,
throughput_2,8,mrmr,kmeans,bic,0.8585858585858586,0.7300813025980714,9.0,"['buffer_size_2', 'buffer_size_3', 'throughput_1', 'avg_p_latency_2', 'throughput_3', 'data_quality_1', 'python_gc_objects_collected_total_7', 'avg_p_latency_1', 'throughput_2']",138.07876741699874,,,
throughput_2,8,mrmr,kmeans,aic,0.7861786178617862,0.47139601476135545,9.0,"['buffer_size_2', 'buffer_size_3', 'throughput_1', 'avg_p_latency_2', 'throughput_3', 'data_quality_1', 'python_gc_objects_collected_total_7', 'avg_p_latency_1', 'throughput_2']",141.84888183399926,,,
throughput_2,8,mrmr,dbscan,bic,0.30823082308230826,0.18653503197649257,9.0,"['buffer_size_2', 'buffer_size_3', 'throughput_1', 'avg_p_latency_2', 'throughput_3', 'data_quality_1', 'python_gc_objects_collected_total_7', 'avg_p_latency_1', 'throughput_2']",139.1110051659998,,,
throughput_2,8,mrmr,dbscan,aic,0.5155515551555155,0.40085624869363295,9.0,"['buffer_size_2', 'buffer_size_3', 'throughput_1', 'avg_p_latency_2', 'throughput_3', 'data_quality_1', 'python_gc_objects_collected_total_7', 'avg_p_latency_1', 'throughput_2']",146.6351873329986,,,
throughput_2,8,pca,classic_uniform,bic,0.5256525652565257,0.4494668067183418,9.0,"['pca_1', 'pca_2', 'pca_3', 'pca_4', 'pca_5', 'pca_6', 'pca_7', 'pca_8', 'throughput_2']",8.466020834001029,,,
throughput_2,8,pca,classic_uniform,aic,0.5044504450445044,0.36098078129910216,9.0,"['pca_1', 'pca_2', 'pca_3', 'pca_4', 'pca_5', 'pca_6', 'pca_7', 'pca_8', 'throughput_2']",10.283097583000199,,,
throughput_2,8,pca,classic_quantile,bic,0.3211321132113211,0.26824029474652544,9.0,"['pca_1', 'pca_2', 'pca_3', 'pca_4', 'pca_5', 'pca_6', 'pca_7', 'pca_8', 'throughput_2']",9.712858208999023,,,
throughput_2,8,pca,classic_quantile,aic,0.3211321132113211,0.26824029474652533,9.0,"['pca_1', 'pca_2', 'pca_3', 'pca_4', 'pca_5', 'pca_6', 'pca_7', 'pca_8', 'throughput_2']",11.462198625000383,,,
throughput_2,8,pca,kmeans,bic,0.4146414641464146,0.3245765538559973,9.0,"['pca_1', 'pca_2', 'pca_3', 'pca_4', 'pca_5', 'pca_6', 'pca_7', 'pca_8', 'throughput_2']",7.922239042000001,,,
throughput_2,8,pca,kmeans,aic,0.47794779477947796,0.3899312599760903,9.0,"['pca_1', 'pca_2', 'pca_3', 'pca_4', 'pca_5', 'pca_6', 'pca_7', 'pca_8', 'throughput_2']",9.670482208000976,,,
throughput_2,8,pca,dbscan,bic,0.0391039103910391,0.03854864556895969,8.0,"['pca_1', 'pca_2', 'pca_3', 'pca_4', 'pca_5', 'pca_6', 'pca_8', 'throughput_2']",13.991809417000695,,,
throughput_2,8,pca,dbscan,aic,0.0391039103910391,0.03854864556895969,8.0,"['pca_1', 'pca_2', 'pca_3', 'pca_4', 'pca_5', 'pca_6', 'pca_8', 'throughput_2']",12.360807625000234,,,
throughput_2,12,markov,classic_uniform,bic,0.6777677767776777,0.3703421963040967,13.0,"['avg_p_latency_1', 'python_gc_objects_collected_total_7', 'throughput_1', 'throughput_3', 'cores_3', 'cores_2', 'data_quality_2', 'scrape_duration_seconds_3', 'scrape_duration_seconds_2', 'data_quality_3', 'process_resident_memory_bytes_3', 'process_cpu_seconds_total_2', 'throughput_2']",29.937970167000458,,,
throughput_2,12,markov,classic_uniform,aic,0.6861686168616862,0.32188978846097444,13.0,"['avg_p_latency_1', 'python_gc_objects_collected_total_7', 'throughput_1', 'throughput_3', 'cores_3', 'cores_2', 'data_quality_2', 'scrape_duration_seconds_3', 'scrape_duration_seconds_2', 'data_quality_3', 'process_resident_memory_bytes_3', 'process_cpu_seconds_total_2', 'throughput_2']",30.769033165999645,,,
throughput_2,12,markov,classic_quantile,bic,0.8177817781778178,0.6282754565190756,13.0,"['avg_p_latency_1', 'python_gc_objects_collected_total_7', 'throughput_1', 'throughput_3', 'cores_3', 'cores_2', 'data_quality_2', 'scrape_duration_seconds_3', 'scrape_duration_seconds_2', 'data_quality_3', 'process_resident_memory_bytes_3', 'process_cpu_seconds_total_2', 'throughput_2']",31.976879499999995,,,
throughput_2,12,markov,classic_quantile,aic,0.6693669366936693,0.44988875471845,13.0,"['avg_p_latency_1', 'python_gc_objects_collected_total_7', 'throughput_1', 'throughput_3', 'cores_3', 'cores_2', 'data_quality_2', 'scrape_duration_seconds_3', 'scrape_duration_seconds_2', 'data_quality_3', 'process_resident_memory_bytes_3', 'process_cpu_seconds_total_2', 'throughput_2']",37.246124167000744,,,
throughput_2,12,markov,kmeans,bic,0.9106910691069107,0.34169174226691645,13.0,"['avg_p_latency_1', 'python_gc_objects_collected_total_7', 'throughput_1', 'throughput_3', 'cores_3', 'cores_2', 'data_quality_2', 'scrape_duration_seconds_3', 'scrape_duration_seconds_2', 'data_quality_3', 'process_resident_memory_bytes_3', 'process_cpu_seconds_total_2', 'throughput_2']",30.21774433399878,,,
throughput_2,12,markov,kmeans,aic,0.6043604360436043,0.283844378918235,13.0,"['avg_p_latency_1', 'python_gc_objects_collected_total_7', 'throughput_1', 'throughput_3', 'cores_3', 'cores_2', 'data_quality_2', 'scrape_duration_seconds_3', 'scrape_duration_seconds_2', 'data_quality_3', 'process_resident_memory_bytes_3', 'process_cpu_seconds_total_2', 'throughput_2']",31.828467792000083,,,
throughput_2,12,markov,dbscan,bic,0.37943794379437945,0.14984248486320081,11.0,"['avg_p_latency_1', 'python_gc_objects_collected_total_7', 'throughput_1', 'throughput_3', 'cores_3', 'cores_2', 'data_quality_2', 'data_quality_3', 'process_resident_memory_bytes_3', 'process_cpu_seconds_total_2', 'throughput_2']",123.88578070800031,,,
throughput_2,12,markov,dbscan,aic,0.41984198419841984,0.15848883409057432,11.0,"['avg_p_latency_1', 'python_gc_objects_collected_total_7', 'throughput_1', 'throughput_3', 'cores_3', 'cores_2', 'data_quality_2', 'data_quality_3', 'process_resident_memory_bytes_3', 'process_cpu_seconds_total_2', 'throughput_2']",128.82478725000146,,,
throughput_2,12,mrmr,classic_uniform,bic,0.8226822682268227,0.7901927441330705,11.0,"['buffer_size_2', 'buffer_size_3', 'throughput_1', 'avg_p_latency_2', 'throughput_3', 'data_quality_1', 'python_gc_objects_collected_total_7', 'avg_p_latency_1', 'python_gc_collections_total_3', 'python_gc_objects_collected_total_1', 'throughput_2']",293.6253634169989,,,
throughput_2,12,mrmr,classic_uniform,aic,0.8246824682468247,0.7598082134990953,11.0,"['buffer_size_2', 'buffer_size_3', 'throughput_1', 'avg_p_latency_2', 'throughput_3', 'data_quality_1', 'python_gc_objects_collected_total_7', 'avg_p_latency_1', 'python_gc_collections_total_3', 'python_gc_objects_collected_total_1', 'throughput_2']",298.8300131249998,,,
throughput_2,12,mrmr,classic_quantile,bic,0.8748874887488749,0.7625144619495045,11.0,"['buffer_size_2', 'buffer_size_3', 'throughput_1', 'avg_p_latency_2', 'throughput_3', 'data_quality_1', 'python_gc_objects_collected_total_7', 'avg_p_latency_1', 'python_gc_collections_total_3', 'python_gc_objects_collected_total_1', 'throughput_2']",298.6996492090002,,,
throughput_2,12,mrmr,classic_quantile,aic,0.8733873387338734,0.6582366013184593,11.0,"['buffer_size_2', 'buffer_size_3', 'throughput_1', 'avg_p_latency_2', 'throughput_3', 'data_quality_1', 'python_gc_objects_collected_total_7', 'avg_p_latency_1', 'python_gc_collections_total_3', 'python_gc_objects_collected_total_1', 'throughput_2']",309.6932030830012,,,
throughput_2,12,mrmr,kmeans,bic,0.8131813181318132,0.6996396691662671,11.0,"['buffer_size_2', 'buffer_size_3', 'throughput_1', 'avg_p_latency_2', 'throughput_3', 'data_quality_1', 'python_gc_objects_collected_total_7', 'avg_p_latency_1', 'python_gc_collections_total_3', 'python_gc_objects_collected_total_1', 'throughput_2']",296.43980508300046,,,
throughput_2,12,mrmr,kmeans,aic,0.7660766076607661,0.6502466049924975,11.0,"['buffer_size_2', 'buffer_size_3', 'throughput_1', 'avg_p_latency_2', 'throughput_3', 'data_quality_1', 'python_gc_objects_collected_total_7', 'avg_p_latency_1', 'python_gc_collections_total_3', 'python_gc_objects_collected_total_1', 'throughput_2']",302.5255090419996,,,
throughput_2,12,mrmr,dbscan,bic,0.30823082308230826,0.18653503197649257,11.0,"['buffer_size_2', 'buffer_size_3', 'throughput_1', 'avg_p_latency_2', 'throughput_3', 'data_quality_1', 'python_gc_objects_collected_total_7', 'avg_p_latency_1', 'python_gc_collections_total_3', 'python_gc_objects_collected_total_1', 'throughput_2']",294.09293770800105,,,
throughput_2,12,mrmr,dbscan,aic,0.11261126112611261,0.03403793575846147,11.0,"['buffer_size_2', 'buffer_size_3', 'throughput_1', 'avg_p_latency_2', 'throughput_3', 'data_quality_1', 'python_gc_objects_collected_total_7', 'avg_p_latency_1', 'python_gc_collections_total_3', 'python_gc_objects_collected_total_1', 'throughput_2']",294.4509305419997,,,
throughput_2,12,pca,classic_uniform,bic,0.48834883488348835,0.3668004565180801,13.0,"['pca_1', 'pca_2', 'pca_3', 'pca_4', 'pca_5', 'pca_6', 'pca_7', 'pca_8', 'pca_9', 'pca_10', 'pca_11', 'pca_12', 'throughput_2']",14.164240292000613,,,
throughput_2,12,pca,classic_uniform,aic,0.5075507550755075,0.3211393399695952,13.0,"['pca_1', 'pca_2', 'pca_3', 'pca_4', 'pca_5', 'pca_6', 'pca_7', 'pca_8', 'pca_9', 'pca_10', 'pca_11', 'pca_12', 'throughput_2']",19.911594082999727,,,
throughput_2,12,pca,classic_quantile,bic,0.3988398839883988,0.272670434622544,13.0,"['pca_1', 'pca_2', 'pca_3', 'pca_4', 'pca_5', 'pca_6', 'pca_7', 'pca_8', 'pca_9', 'pca_10', 'pca_11', 'pca_12', 'throughput_2']",17.690334291999534,,,
throughput_2,12,pca,classic_quantile,aic,0.33263326332633264,0.27925859407297826,13.0,"['pca_1', 'pca_2', 'pca_3', 'pca_4', 'pca_5', 'pca_6', 'pca_7', 'pca_8', 'pca_9', 'pca_10', 'pca_11', 'pca_12', 'throughput_2']",19.761149250000017,,,
throughput_2,12,pca,kmeans,bic,0.47234723472347234,0.37525298774830107,13.0,"['pca_1', 'pca_2', 'pca_3', 'pca_4', 'pca_5', 'pca_6', 'pca_7', 'pca_8', 'pca_9', 'pca_10', 'pca_11', 'pca_12', 'throughput_2']",16.067515082999307,,,
throughput_2,12,pca,kmeans,aic,0.5482548254825482,0.417496083186381,13.0,"['pca_1', 'pca_2', 'pca_3', 'pca_4', 'pca_5', 'pca_6', 'pca_7', 'pca_8', 'pca_9', 'pca_10', 'pca_11', 'pca_12', 'throughput_2']",18.265800375000254,,,
throughput_2,12,pca,dbscan,bic,0.18851885188518852,0.06250382351608552,12.0,"['pca_1', 'pca_2', 'pca_3', 'pca_4', 'pca_5', 'pca_6', 'pca_8', 'pca_9', 'pca_10', 'pca_11', 'pca_12', 'throughput_2']",10.851869165999233,,,
throughput_2,12,pca,dbscan,aic,0.10311031103110312,0.013803473369336544,12.0,"['pca_1', 'pca_2', 'pca_3', 'pca_4', 'pca_5', 'pca_6', 'pca_8', 'pca_9', 'pca_10', 'pca_11', 'pca_12', 'throughput_2']",23.408564833000128,,,
throughput_2,20,markov,classic_uniform,bic,0.6777677767776777,0.36529106220054247,21.0,"['avg_p_latency_1', 'python_gc_objects_collected_total_7', 'throughput_1', 'throughput_3', 'cores_3', 'cores_2', 'data_quality_2', 'scrape_duration_seconds_3', 'scrape_duration_seconds_2', 'data_quality_3', 'process_resident_memory_bytes_3', 'process_cpu_seconds_total_2', 'buffer_size_2', 'python_gc_collections_total_1', 'python_gc_collections_total_4', 'process_cpu_seconds_total_1', 'process_cpu_seconds_total_3', 'python_gc_objects_collected_total_3', 'python_gc_objects_collected_total_2', 'python_gc_collections_total_2', 'throughput_2']",47.30413266699907,,,
throughput_2,20,markov,classic_uniform,aic,0.6861686168616862,0.3407119130959721,21.0,"['avg_p_latency_1', 'python_gc_objects_collected_total_7', 'throughput_1', 'throughput_3', 'cores_3', 'cores_2', 'data_quality_2', 'scrape_duration_seconds_3', 'scrape_duration_seconds_2', 'data_quality_3', 'process_resident_memory_bytes_3', 'process_cpu_seconds_total_2', 'buffer_size_2', 'python_gc_collections_total_1', 'python_gc_collections_total_4', 'process_cpu_seconds_total_1', 'process_cpu_seconds_total_3', 'python_gc_objects_collected_total_3', 'python_gc_objects_collected_total_2', 'python_gc_collections_total_2', 'throughput_2']",54.8078784169993,,,
throughput_2,20,markov,classic_quantile,bic,0.7977797779777978,0.599538050111958,21.0,"['avg_p_latency_1', 'python_gc_objects_collected_total_7', 'throughput_1', 'throughput_3', 'cores_3', 'cores_2', 'data_quality_2', 'scrape_duration_seconds_3', 'scrape_duration_seconds_2', 'data_quality_3', 'process_resident_memory_bytes_3', 'process_cpu_seconds_total_2', 'buffer_size_2', 'python_gc_collections_total_1', 'python_gc_collections_total_4', 'process_cpu_seconds_total_1', 'process_cpu_seconds_total_3', 'python_gc_objects_collected_total_3', 'python_gc_objects_collected_total_2', 'python_gc_collections_total_2', 'throughput_2']",41.10599158399964,,,
throughput_2,20,markov,classic_quantile,aic,0.7540754075407541,0.4748496140198269,21.0,"['avg_p_latency_1', 'python_gc_objects_collected_total_7', 'throughput_1', 'throughput_3', 'cores_3', 'cores_2', 'data_quality_2', 'scrape_duration_seconds_3', 'scrape_duration_seconds_2', 'data_quality_3', 'process_resident_memory_bytes_3', 'process_cpu_seconds_total_2', 'buffer_size_2', 'python_gc_collections_total_1', 'python_gc_collections_total_4', 'process_cpu_seconds_total_1', 'process_cpu_seconds_total_3', 'python_gc_objects_collected_total_3', 'python_gc_objects_collected_total_2', 'python_gc_collections_total_2', 'throughput_2']",50.684040459000244,,,
throughput_2,20,markov,kmeans,bic,0.8311831183118312,0.31464723503183306,21.0,"['avg_p_latency_1', 'python_gc_objects_collected_total_7', 'throughput_1', 'throughput_3', 'cores_3', 'cores_2', 'data_quality_2', 'scrape_duration_seconds_3', 'scrape_duration_seconds_2', 'data_quality_3', 'process_resident_memory_bytes_3', 'process_cpu_seconds_total_2', 'buffer_size_2', 'python_gc_collections_total_1', 'python_gc_collections_total_4', 'process_cpu_seconds_total_1', 'process_cpu_seconds_total_3', 'python_gc_objects_collected_total_3', 'python_gc_objects_collected_total_2', 'python_gc_collections_total_2', 'throughput_2']",47.97886670799926,,,
throughput_2,20,markov,kmeans,aic,0.8542854285428543,0.3797391925438087,21.0,"['avg_p_latency_1', 'python_gc_objects_collected_total_7', 'throughput_1', 'throughput_3', 'cores_3', 'cores_2', 'data_quality_2', 'scrape_duration_seconds_3', 'scrape_duration_seconds_2', 'data_quality_3', 'process_resident_memory_bytes_3', 'process_cpu_seconds_total_2', 'buffer_size_2', 'python_gc_collections_total_1', 'python_gc_collections_total_4', 'process_cpu_seconds_total_1', 'process_cpu_seconds_total_3', 'python_gc_objects_collected_total_3', 'python_gc_objects_collected_total_2', 'python_gc_collections_total_2', 'throughput_2']",46.00784791700062,,,
throughput_2,20,markov,dbscan,bic,0.37943794379437945,0.14984248486320081,16.0,"['avg_p_latency_1', 'python_gc_objects_collected_total_7', 'throughput_1', 'throughput_3', 'cores_3', 'cores_2', 'data_quality_2', 'data_quality_3', 'process_resident_memory_bytes_3', 'process_cpu_seconds_total_2', 'buffer_size_2', 'process_cpu_seconds_total_3', 'python_gc_objects_collected_total_3', 'python_gc_objects_collected_total_2', 'python_gc_collections_total_2', 'throughput_2']",117.07556529199974,,,
throughput_2,20,markov,dbscan,aic,0.4367436743674367,0.15670097132570524,16.0,"['avg_p_latency_1', 'python_gc_objects_collected_total_7', 'throughput_1', 'throughput_3', 'cores_3', 'cores_2', 'data_quality_2', 'data_quality_3', 'process_resident_memory_bytes_3', 'process_cpu_seconds_total_2', 'buffer_size_2', 'process_cpu_seconds_total_3', 'python_gc_objects_collected_total_3', 'python_gc_objects_collected_total_2', 'python_gc_collections_total_2', 'throughput_2']",135.90927262500009,,,
throughput_2,20,mrmr,classic_uniform,bic,0.8046804680468047,0.7720469303178751,14.0,"['buffer_size_2', 'buffer_size_3', 'throughput_1', 'avg_p_latency_2', 'throughput_3', 'data_quality_1', 'python_gc_objects_collected_total_7', 'avg_p_latency_1', 'python_gc_collections_total_3', 'python_gc_objects_collected_total_1', 'python_gc_objects_collected_total_8', 'process_resident_memory_bytes_1', 'python_gc_collections_total_7', 'throughput_2']",740.8429111250007,,,
throughput_2,20,mrmr,classic_uniform,aic,0.7582758275827582,0.6545361164594591,14.0,"['buffer_size_2', 'buffer_size_3', 'throughput_1', 'avg_p_latency_2', 'throughput_3', 'data_quality_1', 'python_gc_objects_collected_total_7', 'avg_p_latency_1', 'python_gc_collections_total_3', 'python_gc_objects_collected_total_1', 'python_gc_objects_collected_total_8', 'process_resident_memory_bytes_1', 'python_gc_collections_total_7', 'throughput_2']",749.0484079169983,,,
throughput_2,20,mrmr,classic_quantile,bic,0.8881888188818882,0.7674349761686257,14.0,"['buffer_size_2', 'buffer_size_3', 'throughput_1', 'avg_p_latency_2', 'throughput_3', 'data_quality_1', 'python_gc_objects_collected_total_7', 'avg_p_latency_1', 'python_gc_collections_total_3', 'python_gc_objects_collected_total_1', 'python_gc_objects_collected_total_8', 'process_resident_memory_bytes_1', 'python_gc_collections_total_7', 'throughput_2']",753.2227630830021,,,
throughput_2,20,mrmr,classic_quantile,aic,0.8502850285028503,0.6108084334622605,14.0,"['buffer_size_2', 'buffer_size_3', 'throughput_1', 'avg_p_latency_2', 'throughput_3', 'data_quality_1', 'python_gc_objects_collected_total_7', 'avg_p_latency_1', 'python_gc_collections_total_3', 'python_gc_objects_collected_total_1', 'python_gc_objects_collected_total_8', 'process_resident_memory_bytes_1', 'python_gc_collections_total_7', 'throughput_2']",765.7980449589995,,,
throughput_2,20,mrmr,kmeans,bic,0.8403840384038403,0.7210566517580034,14.0,"['buffer_size_2', 'buffer_size_3', 'throughput_1', 'avg_p_latency_2', 'throughput_3', 'data_quality_1', 'python_gc_objects_collected_total_7', 'avg_p_latency_1', 'python_gc_collections_total_3', 'python_gc_objects_collected_total_1', 'python_gc_objects_collected_total_8', 'process_resident_memory_bytes_1', 'python_gc_collections_total_7', 'throughput_2']",761.582691458003,,,
throughput_2,20,mrmr,kmeans,aic,0.7636763676367637,0.6675741560281421,14.0,"['buffer_size_2', 'buffer_size_3', 'throughput_1', 'avg_p_latency_2', 'throughput_3', 'data_quality_1', 'python_gc_objects_collected_total_7', 'avg_p_latency_1', 'python_gc_collections_total_3', 'python_gc_objects_collected_total_1', 'python_gc_objects_collected_total_8', 'process_resident_memory_bytes_1', 'python_gc_collections_total_7', 'throughput_2']",756.7183773750003,,,
throughput_2,20,mrmr,dbscan,bic,0.30823082308230826,0.18653503197649257,14.0,"['buffer_size_2', 'buffer_size_3', 'throughput_1', 'avg_p_latency_2', 'throughput_3', 'data_quality_1', 'python_gc_objects_collected_total_7', 'avg_p_latency_1', 'python_gc_collections_total_3', 'python_gc_objects_collected_total_1', 'python_gc_objects_collected_total_8', 'process_resident_memory_bytes_1', 'python_gc_collections_total_7', 'throughput_2']",746.2276938750001,,,
throughput_2,20,mrmr,dbscan,aic,0.1486148614861486,0.03439873564709063,14.0,"['buffer_size_2', 'buffer_size_3', 'throughput_1', 'avg_p_latency_2', 'throughput_3', 'data_quality_1', 'python_gc_objects_collected_total_7', 'avg_p_latency_1', 'python_gc_collections_total_3', 'python_gc_objects_collected_total_1', 'python_gc_objects_collected_total_8', 'process_resident_memory_bytes_1', 'python_gc_collections_total_7', 'throughput_2']",776.5138524999966,,,
throughput_2,20,pca,classic_uniform,bic,0.58995899589959,0.30098017142558325,21.0,"['pca_1', 'pca_2', 'pca_3', 'pca_4', 'pca_5', 'pca_6', 'pca_7', 'pca_8', 'pca_9', 'pca_10', 'pca_11', 'pca_12', 'pca_13', 'pca_14', 'pca_15', 'pca_16', 'pca_17', 'pca_18', 'pca_19', 'pca_20', 'throughput_2']",37.81400866699914,,,
throughput_2,20,pca,classic_uniform,aic,0.5865586558655865,0.2773778005405694,21.0,"['pca_1', 'pca_2', 'pca_3', 'pca_4', 'pca_5', 'pca_6', 'pca_7', 'pca_8', 'pca_9', 'pca_10', 'pca_11', 'pca_12', 'pca_13', 'pca_14', 'pca_15', 'pca_16', 'pca_17', 'pca_18', 'pca_19', 'pca_20', 'throughput_2']",249.81197933300064,,,
throughput_2,20,pca,classic_quantile,bic,0.42424242424242425,0.26392717880427596,21.0,"['pca_1', 'pca_2', 'pca_3', 'pca_4', 'pca_5', 'pca_6', 'pca_7', 'pca_8', 'pca_9', 'pca_10', 'pca_11', 'pca_12', 'pca_13', 'pca_14', 'pca_15', 'pca_16', 'pca_17', 'pca_18', 'pca_19', 'pca_20', 'throughput_2']",39.2822987920008,,,
throughput_2,20,pca,classic_quantile,aic,0.4089408940894089,0.2582672123782313,21.0,"['pca_1', 'pca_2', 'pca_3', 'pca_4', 'pca_5', 'pca_6', 'pca_7', 'pca_8', 'pca_9', 'pca_10', 'pca_11', 'pca_12', 'pca_13', 'pca_14', 'pca_15', 'pca_16', 'pca_17', 'pca_18', 'pca_19', 'pca_20', 'throughput_2']",66.16796479200275,,,
throughput_2,20,pca,kmeans,bic,0.5563556355635564,0.2665903906111096,21.0,"['pca_1', 'pca_2', 'pca_3', 'pca_4', 'pca_5', 'pca_6', 'pca_7', 'pca_8', 'pca_9', 'pca_10', 'pca_11', 'pca_12', 'pca_13', 'pca_14', 'pca_15', 'pca_16', 'pca_17', 'pca_18', 'pca_19', 'pca_20', 'throughput_2']",56.963927000000695,,,
throughput_2,20,pca,kmeans,aic,0.583058305830583,0.41499234767097964,21.0,"['pca_1', 'pca_2', 'pca_3', 'pca_4', 'pca_5', 'pca_6', 'pca_7', 'pca_8', 'pca_9', 'pca_10', 'pca_11', 'pca_12', 'pca_13', 'pca_14', 'pca_15', 'pca_16', 'pca_17', 'pca_18', 'pca_19', 'pca_20', 'throughput_2']",38.238876999999775,,,
throughput_2,20,pca,dbscan,bic,0.18851885188518852,0.06250382351608552,20.0,"['pca_1', 'pca_2', 'pca_3', 'pca_4', 'pca_5', 'pca_6', 'pca_8', 'pca_9', 'pca_10', 'pca_11', 'pca_12', 'pca_13', 'pca_14', 'pca_15', 'pca_16', 'pca_17', 'pca_18', 'pca_19', 'pca_20', 'throughput_2']",18.500665749998007,,,
throughput_2,20,pca,dbscan,aic,0.0636063606360636,0.01413116093896887,20.0,"['pca_1', 'pca_2', 'pca_3', 'pca_4', 'pca_5', 'pca_6', 'pca_8', 'pca_9', 'pca_10', 'pca_11', 'pca_12', 'pca_13', 'pca_14', 'pca_15', 'pca_16', 'pca_17', 'pca_18', 'pca_19', 'pca_20', 'throughput_2']",24.416466499998933,,,
throughput_3,3,markov,classic_uniform,bic,0.31943194319431945,0.2652624092894491,4.0,"['avg_p_latency_1', 'cores_2', 'throughput_2', 'throughput_3']",18.69914937499925,,,
throughput_3,3,markov,classic_uniform,aic,0.31943194319431945,0.37240688723786053,4.0,"['avg_p_latency_1', 'cores_2', 'throughput_2', 'throughput_3']",18.413793832998635,,,
throughput_3,3,markov,classic_quantile,bic,0.7395739573957396,0.4457721828955024,4.0,"['avg_p_latency_1', 'cores_2', 'throughput_2', 'throughput_3']",18.798596832999465,,,
throughput_3,3,markov,classic_quantile,aic,0.8375837583758375,0.784940015958654,4.0,"['avg_p_latency_1', 'cores_2', 'throughput_2', 'throughput_3']",18.070870958999876,,,
throughput_3,3,markov,kmeans,bic,0.7871787178717872,0.5478168437142804,4.0,"['avg_p_latency_1', 'cores_2', 'throughput_2', 'throughput_3']",18.402312082998833,,,
throughput_3,3,markov,kmeans,aic,0.7204720472047205,0.5996466664402459,4.0,"['avg_p_latency_1', 'cores_2', 'throughput_2', 'throughput_3']",18.150205166999513,,,
throughput_3,3,markov,dbscan,bic,0.2944294429442944,0.1780474620473468,4.0,"['avg_p_latency_1', 'cores_2', 'throughput_2', 'throughput_3']",23.076453041001514,,,
throughput_3,3,markov,dbscan,aic,0.5009500950095009,0.07360116679043871,4.0,"['avg_p_latency_1', 'cores_2', 'throughput_2', 'throughput_3']",26.579699042002176,,,
throughput_3,3,mrmr,classic_uniform,bic,0.7828782878287829,0.6647043329896687,4.0,"['buffer_size_3', 'throughput_2', 'data_quality_3', 'throughput_3']",21.714504250001482,,,
throughput_3,3,mrmr,classic_uniform,aic,0.7828782878287829,0.6647043329896687,4.0,"['buffer_size_3', 'throughput_2', 'data_quality_3', 'throughput_3']",21.60480504100269,,,
throughput_3,3,mrmr,classic_quantile,bic,0.8330833083308331,0.7897567152315542,4.0,"['buffer_size_3', 'throughput_2', 'data_quality_3', 'throughput_3']",21.637249542000063,,,
throughput_3,3,mrmr,classic_quantile,aic,0.9016901690169017,0.8450059458310649,4.0,"['buffer_size_3', 'throughput_2', 'data_quality_3', 'throughput_3']",21.466038124999614,,,
throughput_3,3,mrmr,kmeans,bic,0.786978697869787,0.6021143029971586,4.0,"['buffer_size_3', 'throughput_2', 'data_quality_3', 'throughput_3']",21.9230728750008,,,
throughput_3,3,mrmr,kmeans,aic,0.786978697869787,0.6021143029971586,4.0,"['buffer_size_3', 'throughput_2', 'data_quality_3', 'throughput_3']",21.900335457998153,,,
throughput_3,3,mrmr,dbscan,bic,0.09070907090709071,0.05697765163152633,4.0,"['buffer_size_3', 'throughput_2', 'data_quality_3', 'throughput_3']",23.44033862499782,,,
throughput_3,3,mrmr,dbscan,aic,0.4517451745174517,0.14794186800217488,4.0,"['buffer_size_3', 'throughput_2', 'data_quality_3', 'throughput_3']",24.275613124998927,,,
throughput_3,3,pca,classic_uniform,bic,0.2982298229822982,0.2983334930849729,4.0,"['pca_1', 'pca_2', 'pca_3', 'throughput_3']",2.7608922500003246,,,
throughput_3,3,pca,classic_uniform,aic,0.42634263426342633,0.33711945690617245,4.0,"['pca_1', 'pca_2', 'pca_3', 'throughput_3']",2.288040291998186,,,
throughput_3,3,pca,classic_quantile,bic,0.11651165116511651,0.24683270167469246,4.0,"['pca_1', 'pca_2', 'pca_3', 'throughput_3']",2.563077708000492,,,
throughput_3,3,pca,classic_quantile,aic,0.23632363236323634,0.24458973003527357,4.0,"['pca_1', 'pca_2', 'pca_3', 'throughput_3']",2.7407526669994695,,,
throughput_3,3,pca,kmeans,bic,0.5003500350035004,0.33727321814206124,4.0,"['pca_1', 'pca_2', 'pca_3', 'throughput_3']",2.570857500002603,,,
throughput_3,3,pca,kmeans,aic,0.5443544354435443,0.37601170973190695,4.0,"['pca_1', 'pca_2', 'pca_3', 'throughput_3']",2.8914995409977564,,,
throughput_3,3,pca,dbscan,bic,,,,,1.0362879579988657,,,The node throughput_3_t1 is not in the digraph.
throughput_3,3,pca,dbscan,aic,,,,,0.7837163750009495,,,The node throughput_3_t1 is not in the digraph.
throughput_3,8,markov,classic_uniform,bic,0.7503750375037503,0.6853704445930625,9.0,"['avg_p_latency_1', 'cores_2', 'throughput_2', 'buffer_size_3', 'python_gc_collections_total_1', 'python_gc_collections_total_4', 'process_cpu_seconds_total_1', 'process_cpu_seconds_total_2', 'throughput_3']",23.933606209000573,,,
throughput_3,8,markov,classic_uniform,aic,0.6505650565056506,0.6964443779985744,9.0,"['avg_p_latency_1', 'cores_2', 'throughput_2', 'buffer_size_3', 'python_gc_collections_total_1', 'python_gc_collections_total_4', 'process_cpu_seconds_total_1', 'process_cpu_seconds_total_2', 'throughput_3']",26.300941375000548,,,
throughput_3,8,markov,classic_quantile,bic,0.8627862786278628,0.8516073170862201,9.0,"['avg_p_latency_1', 'cores_2', 'throughput_2', 'buffer_size_3', 'python_gc_collections_total_1', 'python_gc_collections_total_4', 'process_cpu_seconds_total_1', 'process_cpu_seconds_total_2', 'throughput_3']",24.80818929200177,,,
throughput_3,8,markov,classic_quantile,aic,0.8567856785678568,0.8174608022371888,9.0,"['avg_p_latency_1', 'cores_2', 'throughput_2', 'buffer_size_3', 'python_gc_collections_total_1', 'python_gc_collections_total_4', 'process_cpu_seconds_total_1', 'process_cpu_seconds_total_2', 'throughput_3']",26.216105125000468,,,
throughput_3,8,markov,kmeans,bic,0.7382738273827383,0.5558859525636407,9.0,"['avg_p_latency_1', 'cores_2', 'throughput_2', 'buffer_size_3', 'python_gc_collections_total_1', 'python_gc_collections_total_4', 'process_cpu_seconds_total_1', 'process_cpu_seconds_total_2', 'throughput_3']",25.81892204199903,,,
throughput_3,8,markov,kmeans,aic,0.6493649364936493,0.5268424477335181,9.0,"['avg_p_latency_1', 'cores_2', 'throughput_2', 'buffer_size_3', 'python_gc_collections_total_1', 'python_gc_collections_total_4', 'process_cpu_seconds_total_1', 'process_cpu_seconds_total_2', 'throughput_3']",25.84681220800121,,,
throughput_3,8,markov,dbscan,bic,0.26242624262426245,0.15296560951232946,6.0,"['avg_p_latency_1', 'cores_2', 'throughput_2', 'buffer_size_3', 'process_cpu_seconds_total_2', 'throughput_3']",29.110949541998707,,,
throughput_3,8,markov,dbscan,aic,0.5032503250325032,0.07764251040490974,6.0,"['avg_p_latency_1', 'cores_2', 'throughput_2', 'buffer_size_3', 'process_cpu_seconds_total_2', 'throughput_3']",39.62804866700026,,,
throughput_3,8,mrmr,classic_uniform,bic,0.7646764676467647,0.6822552004678151,9.0,"['buffer_size_3', 'throughput_2', 'data_quality_3', 'throughput_1', 'buffer_size_2', 'data_quality_1', 'python_gc_objects_collected_total_4', 'avg_p_latency_1', 'throughput_3']",140.66168491699864,,,
throughput_3,8,mrmr,classic_uniform,aic,0.7996799679967996,0.637191572648508,9.0,"['buffer_size_3', 'throughput_2', 'data_quality_3', 'throughput_1', 'buffer_size_2', 'data_quality_1', 'python_gc_objects_collected_total_4', 'avg_p_latency_1', 'throughput_3']",141.0725607079985,,,
throughput_3,8,mrmr,classic_quantile,bic,0.9036903690369037,0.7904726777388801,9.0,"['buffer_size_3', 'throughput_2', 'data_quality_3', 'throughput_1', 'buffer_size_2', 'data_quality_1', 'python_gc_objects_collected_total_4', 'avg_p_latency_1', 'throughput_3']",138.95716470799744,,,
throughput_3,8,mrmr,classic_quantile,aic,0.7671767176717672,0.7101466524856592,9.0,"['buffer_size_3', 'throughput_2', 'data_quality_3', 'throughput_1', 'buffer_size_2', 'data_quality_1', 'python_gc_objects_collected_total_4', 'avg_p_latency_1', 'throughput_3']",143.14990483300062,,,
throughput_3,8,mrmr,kmeans,bic,0.7329732973297329,0.6710912556212985,9.0,"['buffer_size_3', 'throughput_2', 'data_quality_3', 'throughput_1', 'buffer_size_2', 'data_quality_1', 'python_gc_objects_collected_total_4', 'avg_p_latency_1', 'throughput_3']",143.62715608300277,,,
throughput_3,8,mrmr,kmeans,aic,0.7490749074907491,0.6155494984182224,9.0,"['buffer_size_3', 'throughput_2', 'data_quality_3', 'throughput_1', 'buffer_size_2', 'data_quality_1', 'python_gc_objects_collected_total_4', 'avg_p_latency_1', 'throughput_3']",146.3704949589992,,,
throughput_3,8,mrmr,dbscan,bic,0.27002700270027,0.1699852276149295,9.0,"['buffer_size_3', 'throughput_2', 'data_quality_3', 'throughput_1', 'buffer_size_2', 'data_quality_1', 'python_gc_objects_collected_total_4', 'avg_p_latency_1', 'throughput_3']",139.09672087500076,,,
throughput_3,8,mrmr,dbscan,aic,0.5692569256925692,0.25934915536695563,9.0,"['buffer_size_3', 'throughput_2', 'data_quality_3', 'throughput_1', 'buffer_size_2', 'data_quality_1', 'python_gc_objects_collected_total_4', 'avg_p_latency_1', 'throughput_3']",143.79727420899872,,,
throughput_3,8,pca,classic_uniform,bic,0.44514451445144515,0.37982142463247054,9.0,"['pca_1', 'pca_2', 'pca_3', 'pca_4', 'pca_5', 'pca_6', 'pca_7', 'pca_8', 'throughput_3']",7.417723375001515,,,
throughput_3,8,pca,classic_uniform,aic,0.41344134413441347,0.32384443316863937,9.0,"['pca_1', 'pca_2', 'pca_3', 'pca_4', 'pca_5', 'pca_6', 'pca_7', 'pca_8', 'throughput_3']",9.161205915999744,,,
throughput_3,8,pca,classic_quantile,bic,0.31153115311531154,0.2929546955364284,9.0,"['pca_1', 'pca_2', 'pca_3', 'pca_4', 'pca_5', 'pca_6', 'pca_7', 'pca_8', 'throughput_3']",9.949857625000732,,,
throughput_3,8,pca,classic_quantile,aic,0.31153115311531154,0.29295469553642833,9.0,"['pca_1', 'pca_2', 'pca_3', 'pca_4', 'pca_5', 'pca_6', 'pca_7', 'pca_8', 'throughput_3']",11.510929000000033,,,
throughput_3,8,pca,kmeans,bic,0.49084908490849083,0.4250372403586458,9.0,"['pca_1', 'pca_2', 'pca_3', 'pca_4', 'pca_5', 'pca_6', 'pca_7', 'pca_8', 'throughput_3']",8.799590750000789,,,
throughput_3,8,pca,kmeans,aic,0.5406540654065407,0.4363457990788906,9.0,"['pca_1', 'pca_2', 'pca_3', 'pca_4', 'pca_5', 'pca_6', 'pca_7', 'pca_8', 'throughput_3']",9.599121958002797,,,
throughput_3,8,pca,dbscan,bic,0.039003900390039,0.03775790936048514,8.0,"['pca_1', 'pca_2', 'pca_3', 'pca_4', 'pca_5', 'pca_6', 'pca_8', 'throughput_3']",14.282423999997263,,,
throughput_3,8,pca,dbscan,aic,0.039003900390039,0.03878581557734018,8.0,"['pca_1', 'pca_2', 'pca_3', 'pca_4', 'pca_5', 'pca_6', 'pca_8', 'throughput_3']",13.900566375003109,,,
throughput_3,12,markov,classic_uniform,bic,0.7503750375037503,0.6853704445930625,13.0,"['avg_p_latency_1', 'cores_2', 'throughput_2', 'buffer_size_3', 'python_gc_collections_total_1', 'python_gc_collections_total_4', 'process_cpu_seconds_total_1', 'process_cpu_seconds_total_2', 'process_cpu_seconds_total_3', 'python_gc_objects_collected_total_2', 'python_gc_objects_collected_total_3', 'python_gc_collections_total_2', 'throughput_3']",26.963967208001122,,,
throughput_3,12,markov,classic_uniform,aic,0.6505650565056506,0.6964443779985744,13.0,"['avg_p_latency_1', 'cores_2', 'throughput_2', 'buffer_size_3', 'python_gc_collections_total_1', 'python_gc_collections_total_4', 'process_cpu_seconds_total_1', 'process_cpu_seconds_total_2', 'process_cpu_seconds_total_3', 'python_gc_objects_collected_total_2', 'python_gc_objects_collected_total_3', 'python_gc_collections_total_2', 'throughput_3']",28.109609040999203,,,
throughput_3,12,markov,classic_quantile,bic,0.8752875287528753,0.8474159057129372,13.0,"['avg_p_latency_1', 'cores_2', 'throughput_2', 'buffer_size_3', 'python_gc_collections_total_1', 'python_gc_collections_total_4', 'process_cpu_seconds_total_1', 'process_cpu_seconds_total_2', 'process_cpu_seconds_total_3', 'python_gc_objects_collected_total_2', 'python_gc_objects_collected_total_3', 'python_gc_collections_total_2', 'throughput_3']",27.992320916997414,,,
throughput_3,12,markov,classic_quantile,aic,0.8127812781278128,0.7377302630270497,13.0,"['avg_p_latency_1', 'cores_2', 'throughput_2', 'buffer_size_3', 'python_gc_collections_total_1', 'python_gc_collections_total_4', 'process_cpu_seconds_total_1', 'process_cpu_seconds_total_2', 'process_cpu_seconds_total_3', 'python_gc_objects_collected_total_2', 'python_gc_objects_collected_total_3', 'python_gc_collections_total_2', 'throughput_3']",33.86604658400029,,,
throughput_3,12,markov,kmeans,bic,0.7159715971597159,0.6193766955239416,13.0,"['avg_p_latency_1', 'cores_2', 'throughput_2', 'buffer_size_3', 'python_gc_collections_total_1', 'python_gc_collections_total_4', 'process_cpu_seconds_total_1', 'process_cpu_seconds_total_2', 'process_cpu_seconds_total_3', 'python_gc_objects_collected_total_2', 'python_gc_objects_collected_total_3', 'python_gc_collections_total_2', 'throughput_3']",27.71079925000231,,,
throughput_3,12,markov,kmeans,aic,0.656065606560656,0.5309181564152287,13.0,"['avg_p_latency_1', 'cores_2', 'throughput_2', 'buffer_size_3', 'python_gc_collections_total_1', 'python_gc_collections_total_4', 'process_cpu_seconds_total_1', 'process_cpu_seconds_total_2', 'process_cpu_seconds_total_3', 'python_gc_objects_collected_total_2', 'python_gc_objects_collected_total_3', 'python_gc_collections_total_2', 'throughput_3']",28.39035016699927,,,
throughput_3,12,markov,dbscan,bic,0.26242624262426245,0.15296560951232946,10.0,"['avg_p_latency_1', 'cores_2', 'throughput_2', 'buffer_size_3', 'process_cpu_seconds_total_2', 'process_cpu_seconds_total_3', 'python_gc_objects_collected_total_2', 'python_gc_objects_collected_total_3', 'python_gc_collections_total_2', 'throughput_3']",30.458699541999522,,,
throughput_3,12,markov,dbscan,aic,0.5543554355435544,0.29388874885263394,10.0,"['avg_p_latency_1', 'cores_2', 'throughput_2', 'buffer_size_3', 'process_cpu_seconds_total_2', 'process_cpu_seconds_total_3', 'python_gc_objects_collected_total_2', 'python_gc_objects_collected_total_3', 'python_gc_collections_total_2', 'throughput_3']",31.70400883399998,,,
throughput_3,12,mrmr,classic_uniform,bic,0.7885788578857886,0.677381953053087,11.0,"['buffer_size_3', 'throughput_2', 'data_quality_3', 'throughput_1', 'buffer_size_2', 'data_quality_1', 'python_gc_objects_collected_total_4', 'avg_p_latency_1', 'data_quality_2', 'process_cpu_seconds_total_1', 'throughput_3']",300.20877329200084,,,
throughput_3,12,mrmr,classic_uniform,aic,0.8235823582358236,0.6332139987096465,11.0,"['buffer_size_3', 'throughput_2', 'data_quality_3', 'throughput_1', 'buffer_size_2', 'data_quality_1', 'python_gc_objects_collected_total_4', 'avg_p_latency_1', 'data_quality_2', 'process_cpu_seconds_total_1', 'throughput_3']",301.60641745799876,,,
throughput_3,12,mrmr,classic_quantile,bic,0.915991599159916,0.6830444029555516,11.0,"['buffer_size_3', 'throughput_2', 'data_quality_3', 'throughput_1', 'buffer_size_2', 'data_quality_1', 'python_gc_objects_collected_total_4', 'avg_p_latency_1', 'data_quality_2', 'process_cpu_seconds_total_1', 'throughput_3']",301.75669858299807,,,
throughput_3,12,mrmr,classic_quantile,aic,0.6957695769576958,0.5718537169935357,11.0,"['buffer_size_3', 'throughput_2', 'data_quality_3', 'throughput_1', 'buffer_size_2', 'data_quality_1', 'python_gc_objects_collected_total_4', 'avg_p_latency_1', 'data_quality_2', 'process_cpu_seconds_total_1', 'throughput_3']",301.65699162500096,,,
throughput_3,12,mrmr,kmeans,bic,0.7527752775277528,0.6088608765972888,11.0,"['buffer_size_3', 'throughput_2', 'data_quality_3', 'throughput_1', 'buffer_size_2', 'data_quality_1', 'python_gc_objects_collected_total_4', 'avg_p_latency_1', 'data_quality_2', 'process_cpu_seconds_total_1', 'throughput_3']",300.1669034580009,,,
throughput_3,12,mrmr,kmeans,aic,0.7107710771077108,0.47249568059677577,11.0,"['buffer_size_3', 'throughput_2', 'data_quality_3', 'throughput_1', 'buffer_size_2', 'data_quality_1', 'python_gc_objects_collected_total_4', 'avg_p_latency_1', 'data_quality_2', 'process_cpu_seconds_total_1', 'throughput_3']",305.7610927500027,,,
throughput_3,12,mrmr,dbscan,bic,0.27002700270027,0.1699852276149295,10.0,"['buffer_size_3', 'throughput_2', 'data_quality_3', 'throughput_1', 'buffer_size_2', 'data_quality_1', 'python_gc_objects_collected_total_4', 'avg_p_latency_1', 'data_quality_2', 'throughput_3']",296.45270683299896,,,
throughput_3,12,mrmr,dbscan,aic,0.5692569256925692,0.25934915536695563,10.0,"['buffer_size_3', 'throughput_2', 'data_quality_3', 'throughput_1', 'buffer_size_2', 'data_quality_1', 'python_gc_objects_collected_total_4', 'avg_p_latency_1', 'data_quality_2', 'throughput_3']",302.28892204099975,,,
throughput_3,12,pca,classic_uniform,bic,0.358035803580358,0.347425961352452,13.0,"['pca_1', 'pca_2', 'pca_3', 'pca_4', 'pca_5', 'pca_6', 'pca_7', 'pca_8', 'pca_9', 'pca_10', 'pca_11', 'pca_12', 'throughput_3']",13.80626379199748,,,
throughput_3,12,pca,classic_uniform,aic,0.40544054405440544,0.32718544986630616,13.0,"['pca_1', 'pca_2', 'pca_3', 'pca_4', 'pca_5', 'pca_6', 'pca_7', 'pca_8', 'pca_9', 'pca_10', 'pca_11', 'pca_12', 'throughput_3']",17.101782291003474,,,
throughput_3,12,pca,classic_quantile,bic,0.34413441344134416,0.23893243439360212,13.0,"['pca_1', 'pca_2', 'pca_3', 'pca_4', 'pca_5', 'pca_6', 'pca_7', 'pca_8', 'pca_9', 'pca_10', 'pca_11', 'pca_12', 'throughput_3']",18.492378708000615,,,
throughput_3,12,pca,classic_quantile,aic,0.33123312331233123,0.2365595883226694,13.0,"['pca_1', 'pca_2', 'pca_3', 'pca_4', 'pca_5', 'pca_6', 'pca_7', 'pca_8', 'pca_9', 'pca_10', 'pca_11', 'pca_12', 'throughput_3']",19.48526554199998,,,
throughput_3,12,pca,kmeans,bic,0.34983498349834985,0.37272086652646125,13.0,"['pca_1', 'pca_2', 'pca_3', 'pca_4', 'pca_5', 'pca_6', 'pca_7', 'pca_8', 'pca_9', 'pca_10', 'pca_11', 'pca_12', 'throughput_3']",16.23409329199785,,,
throughput_3,12,pca,kmeans,aic,0.39813981398139814,0.36408023553160396,13.0,"['pca_1', 'pca_2', 'pca_3', 'pca_4', 'pca_5', 'pca_6', 'pca_7', 'pca_8', 'pca_9', 'pca_10', 'pca_11', 'pca_12', 'throughput_3']",18.061822625000787,,,
throughput_3,12,pca,dbscan,bic,0.2000200020002,0.06463421050420659,12.0,"['pca_1', 'pca_2', 'pca_3', 'pca_4', 'pca_5', 'pca_6', 'pca_8', 'pca_9', 'pca_10', 'pca_11', 'pca_12', 'throughput_3']",10.427317999998195,,,
throughput_3,12,pca,dbscan,aic,0.09840984098409841,0.016893539460970917,12.0,"['pca_1', 'pca_2', 'pca_3', 'pca_4', 'pca_5', 'pca_6', 'pca_8', 'pca_9', 'pca_10', 'pca_11', 'pca_12', 'throughput_3']",17.61082324999734,,,
throughput_3,20,markov,classic_uniform,bic,0.7503750375037503,0.6853704445930625,21.0,"['avg_p_latency_1', 'cores_2', 'throughput_2', 'buffer_size_3', 'python_gc_collections_total_1', 'python_gc_collections_total_4', 'process_cpu_seconds_total_1', 'process_cpu_seconds_total_2', 'process_cpu_seconds_total_3', 'python_gc_objects_collected_total_2', 'python_gc_objects_collected_total_3', 'python_gc_collections_total_2', 'python_gc_collections_total_3', 'python_gc_collections_total_7', 'python_gc_collections_total_5', 'python_gc_collections_total_6', 'python_gc_objects_collected_total_6', 'python_gc_objects_collected_total_5', 'python_gc_collections_total_8', 'python_gc_objects_collected_total_1', 'throughput_3']",33.81643958299901,,,
throughput_3,20,markov,classic_uniform,aic,0.6505650565056506,0.6964443779985744,21.0,"['avg_p_latency_1', 'cores_2', 'throughput_2', 'buffer_size_3', 'python_gc_collections_total_1', 'python_gc_collections_total_4', 'process_cpu_seconds_total_1', 'process_cpu_seconds_total_2', 'process_cpu_seconds_total_3', 'python_gc_objects_collected_total_2', 'python_gc_objects_collected_total_3', 'python_gc_collections_total_2', 'python_gc_collections_total_3', 'python_gc_collections_total_7', 'python_gc_collections_total_5', 'python_gc_collections_total_6', 'python_gc_objects_collected_total_6', 'python_gc_objects_collected_total_5', 'python_gc_collections_total_8', 'python_gc_objects_collected_total_1', 'throughput_3']",35.39215899999908,,,
throughput_3,20,markov,classic_quantile,bic,0.8564856485648565,0.8470779107009077,21.0,"['avg_p_latency_1', 'cores_2', 'throughput_2', 'buffer_size_3', 'python_gc_collections_total_1', 'python_gc_collections_total_4', 'process_cpu_seconds_total_1', 'process_cpu_seconds_total_2', 'process_cpu_seconds_total_3', 'python_gc_objects_collected_total_2', 'python_gc_objects_collected_total_3', 'python_gc_collections_total_2', 'python_gc_collections_total_3', 'python_gc_collections_total_7', 'python_gc_collections_total_5', 'python_gc_collections_total_6', 'python_gc_objects_collected_total_6', 'python_gc_objects_collected_total_5', 'python_gc_collections_total_8', 'python_gc_objects_collected_total_1', 'throughput_3']",39.670344292000664,,,
throughput_3,20,markov,classic_quantile,aic,0.8408840884088409,0.8039519606409161,21.0,"['avg_p_latency_1', 'cores_2', 'throughput_2', 'buffer_size_3', 'python_gc_collections_total_1', 'python_gc_collections_total_4', 'process_cpu_seconds_total_1', 'process_cpu_seconds_total_2', 'process_cpu_seconds_total_3', 'python_gc_objects_collected_total_2', 'python_gc_objects_collected_total_3', 'python_gc_collections_total_2', 'python_gc_collections_total_3', 'python_gc_collections_total_7', 'python_gc_collections_total_5', 'python_gc_collections_total_6', 'python_gc_objects_collected_total_6', 'python_gc_objects_collected_total_5', 'python_gc_collections_total_8', 'python_gc_objects_collected_total_1', 'throughput_3']",44.68123695900067,,,
throughput_3,20,markov,kmeans,bic,0.7155715571557155,0.6215533443489873,21.0,"['avg_p_latency_1', 'cores_2', 'throughput_2', 'buffer_size_3', 'python_gc_collections_total_1', 'python_gc_collections_total_4', 'process_cpu_seconds_total_1', 'process_cpu_seconds_total_2', 'process_cpu_seconds_total_3', 'python_gc_objects_collected_total_2', 'python_gc_objects_collected_total_3', 'python_gc_collections_total_2', 'python_gc_collections_total_3', 'python_gc_collections_total_7', 'python_gc_collections_total_5', 'python_gc_collections_total_6', 'python_gc_objects_collected_total_6', 'python_gc_objects_collected_total_5', 'python_gc_collections_total_8', 'python_gc_objects_collected_total_1', 'throughput_3']",33.275342542001454,,,
throughput_3,20,markov,kmeans,aic,0.6528652865286528,0.53003106446386,21.0,"['avg_p_latency_1', 'cores_2', 'throughput_2', 'buffer_size_3', 'python_gc_collections_total_1', 'python_gc_collections_total_4', 'process_cpu_seconds_total_1', 'process_cpu_seconds_total_2', 'process_cpu_seconds_total_3', 'python_gc_objects_collected_total_2', 'python_gc_objects_collected_total_3', 'python_gc_collections_total_2', 'python_gc_collections_total_3', 'python_gc_collections_total_7', 'python_gc_collections_total_5', 'python_gc_collections_total_6', 'python_gc_objects_collected_total_6', 'python_gc_objects_collected_total_5', 'python_gc_collections_total_8', 'python_gc_objects_collected_total_1', 'throughput_3']",33.46641995800019,,,
throughput_3,20,markov,dbscan,bic,0.31663166316631663,0.05327645051217737,18.0,"['avg_p_latency_1', 'cores_2', 'throughput_2', 'buffer_size_3', 'process_cpu_seconds_total_2', 'process_cpu_seconds_total_3', 'python_gc_objects_collected_total_2', 'python_gc_objects_collected_total_3', 'python_gc_collections_total_2', 'python_gc_collections_total_3', 'python_gc_collections_total_7', 'python_gc_collections_total_5', 'python_gc_collections_total_6', 'python_gc_objects_collected_total_6', 'python_gc_objects_collected_total_5', 'python_gc_collections_total_8', 'python_gc_objects_collected_total_1', 'throughput_3']",41.04837462500291,,,
throughput_3,20,markov,dbscan,aic,0.5664566456645664,0.07934281071635285,18.0,"['avg_p_latency_1', 'cores_2', 'throughput_2', 'buffer_size_3', 'process_cpu_seconds_total_2', 'process_cpu_seconds_total_3', 'python_gc_objects_collected_total_2', 'python_gc_objects_collected_total_3', 'python_gc_collections_total_2', 'python_gc_collections_total_3', 'python_gc_collections_total_7', 'python_gc_collections_total_5', 'python_gc_collections_total_6', 'python_gc_objects_collected_total_6', 'python_gc_objects_collected_total_5', 'python_gc_collections_total_8', 'python_gc_objects_collected_total_1', 'throughput_3']",41.361125915998855,,,
throughput_3,20,mrmr,classic_uniform,bic,0.8067806780678067,0.6965142767757062,16.0,"['buffer_size_3', 'throughput_2', 'data_quality_3', 'throughput_1', 'buffer_size_2', 'data_quality_1', 'python_gc_objects_collected_total_4', 'avg_p_latency_1', 'data_quality_2', 'process_cpu_seconds_total_1', 'python_gc_objects_collected_total_1', 'python_gc_objects_collected_total_8', 'python_gc_collections_total_7', 'process_open_fds_3', 'python_gc_objects_collected_total_9', 'throughput_3']",751.6543139580026,,,
throughput_3,20,mrmr,classic_uniform,aic,0.83008300830083,0.6191811640493045,16.0,"['buffer_size_3', 'throughput_2', 'data_quality_3', 'throughput_1', 'buffer_size_2', 'data_quality_1', 'python_gc_objects_collected_total_4', 'avg_p_latency_1', 'data_quality_2', 'process_cpu_seconds_total_1', 'python_gc_objects_collected_total_1', 'python_gc_objects_collected_total_8', 'python_gc_collections_total_7', 'process_open_fds_3', 'python_gc_objects_collected_total_9', 'throughput_3']",756.660285416001,,,
throughput_3,20,mrmr,classic_quantile,bic,0.8368836883688369,0.6642530373333984,15.0,"['buffer_size_3', 'throughput_2', 'data_quality_3', 'throughput_1', 'buffer_size_2', 'data_quality_1', 'python_gc_objects_collected_total_4', 'avg_p_latency_1', 'data_quality_2', 'process_cpu_seconds_total_1', 'python_gc_objects_collected_total_1', 'python_gc_objects_collected_total_8', 'python_gc_collections_total_7', 'python_gc_objects_collected_total_9', 'throughput_3']",750.8600129170009,,,
throughput_3,20,mrmr,classic_quantile,aic,0.7915791579157916,0.5994465589918949,15.0,"['buffer_size_3', 'throughput_2', 'data_quality_3', 'throughput_1', 'buffer_size_2', 'data_quality_1', 'python_gc_objects_collected_total_4', 'avg_p_latency_1', 'data_quality_2', 'process_cpu_seconds_total_1', 'python_gc_objects_collected_total_1', 'python_gc_objects_collected_total_8', 'python_gc_collections_total_7', 'python_gc_objects_collected_total_9', 'throughput_3']",754.7713087499978,,,
throughput_3,20,mrmr,kmeans,bic,0.7210721072107211,0.6192067776231197,16.0,"['buffer_size_3', 'throughput_2', 'data_quality_3', 'throughput_1', 'buffer_size_2', 'data_quality_1', 'python_gc_objects_collected_total_4', 'avg_p_latency_1', 'data_quality_2', 'process_cpu_seconds_total_1', 'python_gc_objects_collected_total_1', 'python_gc_objects_collected_total_8', 'python_gc_collections_total_7', 'process_open_fds_3', 'python_gc_objects_collected_total_9', 'throughput_3']",753.7354960410012,,,
throughput_3,20,mrmr,kmeans,aic,0.6405640564056405,0.47563752722723585,16.0,"['buffer_size_3', 'throughput_2', 'data_quality_3', 'throughput_1', 'buffer_size_2', 'data_quality_1', 'python_gc_objects_collected_total_4', 'avg_p_latency_1', 'data_quality_2', 'process_cpu_seconds_total_1', 'python_gc_objects_collected_total_1', 'python_gc_objects_collected_total_8', 'python_gc_collections_total_7', 'process_open_fds_3', 'python_gc_objects_collected_total_9', 'throughput_3']",759.9902915830025,,,
throughput_3,20,mrmr,dbscan,bic,0.27002700270027,0.1699852276149295,15.0,"['buffer_size_3', 'throughput_2', 'data_quality_3', 'throughput_1', 'buffer_size_2', 'data_quality_1', 'python_gc_objects_collected_total_4', 'avg_p_latency_1', 'data_quality_2', 'python_gc_objects_collected_total_1', 'python_gc_objects_collected_total_8', 'python_gc_collections_total_7', 'process_open_fds_3', 'python_gc_objects_collected_total_9', 'throughput_3']",759.911481334002,,,
throughput_3,20,mrmr,dbscan,aic,0.5704570457045705,0.10624647150448134,15.0,"['buffer_size_3', 'throughput_2', 'data_quality_3', 'throughput_1', 'buffer_size_2', 'data_quality_1', 'python_gc_objects_collected_total_4', 'avg_p_latency_1', 'data_quality_2', 'python_gc_objects_collected_total_1', 'python_gc_objects_collected_total_8', 'python_gc_collections_total_7', 'process_open_fds_3', 'python_gc_objects_collected_total_9', 'throughput_3']",771.6069417090039,,,
throughput_3,20,pca,classic_uniform,bic,0.5671567156715671,0.3266525359563551,21.0,"['pca_1', 'pca_2', 'pca_3', 'pca_4', 'pca_5', 'pca_6', 'pca_7', 'pca_8', 'pca_9', 'pca_10', 'pca_11', 'pca_12', 'pca_13', 'pca_14', 'pca_15', 'pca_16', 'pca_17', 'pca_18', 'pca_19', 'pca_20', 'throughput_3']",198.081009083995,,,
throughput_3,20,pca,classic_uniform,aic,0.5224522452245225,0.3382139746384504,21.0,"['pca_1', 'pca_2', 'pca_3', 'pca_4', 'pca_5', 'pca_6', 'pca_7', 'pca_8', 'pca_9', 'pca_10', 'pca_11', 'pca_12', 'pca_13', 'pca_14', 'pca_15', 'pca_16', 'pca_17', 'pca_18', 'pca_19', 'pca_20', 'throughput_3']",45.24634045800485,,,
throughput_3,20,pca,classic_quantile,bic,0.38303830383038306,0.25903785515631783,21.0,"['pca_1', 'pca_2', 'pca_3', 'pca_4', 'pca_5', 'pca_6', 'pca_7', 'pca_8', 'pca_9', 'pca_10', 'pca_11', 'pca_12', 'pca_13', 'pca_14', 'pca_15', 'pca_16', 'pca_17', 'pca_18', 'pca_19', 'pca_20', 'throughput_3']",39.401910874999885,,,
throughput_3,20,pca,classic_quantile,aic,0.42804280428042807,0.2591727412594356,21.0,"['pca_1', 'pca_2', 'pca_3', 'pca_4', 'pca_5', 'pca_6', 'pca_7', 'pca_8', 'pca_9', 'pca_10', 'pca_11', 'pca_12', 'pca_13', 'pca_14', 'pca_15', 'pca_16', 'pca_17', 'pca_18', 'pca_19', 'pca_20', 'throughput_3']",210.52145358399866,,,
throughput_3,20,pca,kmeans,bic,0.5363536353635363,0.272183842588448,21.0,"['pca_1', 'pca_2', 'pca_3', 'pca_4', 'pca_5', 'pca_6', 'pca_7', 'pca_8', 'pca_9', 'pca_10', 'pca_11', 'pca_12', 'pca_13', 'pca_14', 'pca_15', 'pca_16', 'pca_17', 'pca_18', 'pca_19', 'pca_20', 'throughput_3']",67.37395266699605,,,
throughput_3,20,pca,kmeans,aic,0.5143514351435143,0.31943699568288764,21.0,"['pca_1', 'pca_2', 'pca_3', 'pca_4', 'pca_5', 'pca_6', 'pca_7', 'pca_8', 'pca_9', 'pca_10', 'pca_11', 'pca_12', 'pca_13', 'pca_14', 'pca_15', 'pca_16', 'pca_17', 'pca_18', 'pca_19', 'pca_20', 'throughput_3']",41.676528750002035,,,
throughput_3,20,pca,dbscan,bic,0.2000200020002,0.06463421050420659,20.0,"['pca_1', 'pca_2', 'pca_3', 'pca_4', 'pca_5', 'pca_6', 'pca_8', 'pca_9', 'pca_10', 'pca_11', 'pca_12', 'pca_13', 'pca_14', 'pca_15', 'pca_16', 'pca_17', 'pca_18', 'pca_19', 'pca_20', 'throughput_3']",17.226987582995207,,,
throughput_3,20,pca,dbscan,aic,0.08640864086408641,0.0315555677921082,20.0,"['pca_1', 'pca_2', 'pca_3', 'pca_4', 'pca_5', 'pca_6', 'pca_8', 'pca_9', 'pca_10', 'pca_11', 'pca_12', 'pca_13', 'pca_14', 'pca_15', 'pca_16', 'pca_17', 'pca_18', 'pca_19', 'pca_20', 'throughput_3']",18.964254958998936,,,
