variable,variable_state,prob,container_cpu_system_seconds_total,container_cpu_cfs_throttled_periods_total,container_fs_inodes_free,container_last_seen,container_spec_cpu_quota,data_quality,container_cpu_usage_seconds_total,container_memory_rss,container_fs_reads_bytes_total,container_memory_mapped_file,container_memory_usage_bytes,cores,python_gc_collections_total
container_cpu_cfs_throttled_periods_total,0,0.02857142857142857,0.0,,,,,,,,,,,,
container_cpu_cfs_throttled_periods_total,1,0.5285714285714286,0.0,,,,,,,,,,,,
container_cpu_cfs_throttled_periods_total,2,0.3857142857142857,0.0,,,,,,,,,,,,
container_cpu_cfs_throttled_periods_total,3,0.02857142857142857,0.0,,,,,,,,,,,,
container_cpu_cfs_throttled_periods_total,4,0.02857142857142857,0.0,,,,,,,,,,,,
container_cpu_cfs_throttled_periods_total,0,0.0005891016200294552,1.0,,,,,,,,,,,,
container_cpu_cfs_throttled_periods_total,1,0.0005891016200294552,1.0,,,,,,,,,,,,
container_cpu_cfs_throttled_periods_total,2,0.02709867452135493,1.0,,,,,,,,,,,,
container_cpu_cfs_throttled_periods_total,3,0.09189985272459499,1.0,,,,,,,,,,,,
container_cpu_cfs_throttled_periods_total,4,0.8798232695139911,1.0,,,,,,,,,,,,
container_cpu_cfs_throttled_periods_total,0,0.0011730205278592375,2.0,,,,,,,,,,,,
container_cpu_cfs_throttled_periods_total,1,0.0011730205278592375,2.0,,,,,,,,,,,,
container_cpu_cfs_throttled_periods_total,2,0.24457478005865105,2.0,,,,,,,,,,,,
container_cpu_cfs_throttled_periods_total,3,0.2152492668621701,2.0,,,,,,,,,,,,
container_cpu_cfs_throttled_periods_total,4,0.5378299120234604,2.0,,,,,,,,,,,,
container_cpu_cfs_throttled_periods_total,0,0.12167832167832164,3.0,,,,,,,,,,,,
container_cpu_cfs_throttled_periods_total,1,0.695104895104895,3.0,,,,,,,,,,,,
container_cpu_cfs_throttled_periods_total,2,0.1566433566433566,3.0,,,,,,,,,,,,
container_cpu_cfs_throttled_periods_total,3,0.023776223776223772,3.0,,,,,,,,,,,,
container_cpu_cfs_throttled_periods_total,4,0.0027972027972027968,3.0,,,,,,,,,,,,
container_cpu_cfs_throttled_periods_total,0,0.826190476190476,4.0,,,,,,,,,,,,
container_cpu_cfs_throttled_periods_total,1,0.15952380952380948,4.0,,,,,,,,,,,,
container_cpu_cfs_throttled_periods_total,2,0.004761904761904761,4.0,,,,,,,,,,,,
container_cpu_cfs_throttled_periods_total,3,0.004761904761904761,4.0,,,,,,,,,,,,
container_cpu_cfs_throttled_periods_total,4,0.004761904761904761,4.0,,,,,,,,,,,,
container_cpu_cfs_periods_total,0,0.0022988505747126436,,0.0,60509724.0,,,,,,,,,,
container_cpu_cfs_periods_total,1,0.0022988505747126436,,0.0,60509724.0,,,,,,,,,,
container_cpu_cfs_periods_total,2,0.6344827586206897,,0.0,60509724.0,,,,,,,,,,
container_cpu_cfs_periods_total,3,0.3586206896551724,,0.0,60509724.0,,,,,,,,,,
container_cpu_cfs_periods_total,4,0.0022988505747126436,,0.0,60509724.0,,,,,,,,,,
container_cpu_cfs_periods_total,0,0.2,,0.0,60509725.0,,,,,,,,,,
container_cpu_cfs_periods_total,1,0.2,,0.0,60509725.0,,,,,,,,,,
container_cpu_cfs_periods_total,2,0.2,,0.0,60509725.0,,,,,,,,,,
container_cpu_cfs_periods_total,3,0.2,,0.0,60509725.0,,,,,,,,,,
container_cpu_cfs_periods_total,4,0.2,,0.0,60509725.0,,,,,,,,,,
container_cpu_cfs_periods_total,0,0.001769911504424779,,1.0,60509724.0,,,,,,,,,,
container_cpu_cfs_periods_total,1,0.001769911504424779,,1.0,60509724.0,,,,,,,,,,
container_cpu_cfs_periods_total,2,0.001769911504424779,,1.0,60509724.0,,,,,,,,,,
container_cpu_cfs_periods_total,3,0.8955752212389381,,1.0,60509724.0,,,,,,,,,,
container_cpu_cfs_periods_total,4,0.09911504424778761,,1.0,60509724.0,,,,,,,,,,
container_cpu_cfs_periods_total,0,0.9,,1.0,60509725.0,,,,,,,,,,
container_cpu_cfs_periods_total,1,0.025,,1.0,60509725.0,,,,,,,,,,
container_cpu_cfs_periods_total,2,0.025,,1.0,60509725.0,,,,,,,,,,
container_cpu_cfs_periods_total,3,0.025,,1.0,60509725.0,,,,,,,,,,
container_cpu_cfs_periods_total,4,0.025,,1.0,60509725.0,,,,,,,,,,
container_cpu_cfs_periods_total,0,0.0016949152542372883,,2.0,60509724.0,,,,,,,,,,
container_cpu_cfs_periods_total,1,0.0016949152542372883,,2.0,60509724.0,,,,,,,,,,
container_cpu_cfs_periods_total,2,0.0016949152542372883,,2.0,60509724.0,,,,,,,,,,
container_cpu_cfs_periods_total,3,0.20508474576271185,,2.0,60509724.0,,,,,,,,,,
container_cpu_cfs_periods_total,4,0.7898305084745763,,2.0,60509724.0,,,,,,,,,,
container_cpu_cfs_periods_total,0,0.016666666666666666,,2.0,60509725.0,,,,,,,,,,
container_cpu_cfs_periods_total,1,0.5166666666666667,,2.0,60509725.0,,,,,,,,,,
container_cpu_cfs_periods_total,2,0.43333333333333335,,2.0,60509725.0,,,,,,,,,,
container_cpu_cfs_periods_total,3,0.016666666666666666,,2.0,60509725.0,,,,,,,,,,
container_cpu_cfs_periods_total,4,0.016666666666666666,,2.0,60509725.0,,,,,,,,,,
container_cpu_cfs_periods_total,0,0.0015625,,3.0,60509724.0,,,,,,,,,,
container_cpu_cfs_periods_total,1,0.0015625,,3.0,60509724.0,,,,,,,,,,
container_cpu_cfs_periods_total,2,0.0015625,,3.0,60509724.0,,,,,,,,,,
container_cpu_cfs_periods_total,3,0.0015625,,3.0,60509724.0,,,,,,,,,,
container_cpu_cfs_periods_total,4,0.99375,,3.0,60509724.0,,,,,,,,,,
container_cpu_cfs_periods_total,0,0.016666666666666666,,3.0,60509725.0,,,,,,,,,,
container_cpu_cfs_periods_total,1,0.016666666666666666,,3.0,60509725.0,,,,,,,,,,
container_cpu_cfs_periods_total,2,0.18333333333333335,,3.0,60509725.0,,,,,,,,,,
container_cpu_cfs_periods_total,3,0.43333333333333335,,3.0,60509725.0,,,,,,,,,,
container_cpu_cfs_periods_total,4,0.35000000000000003,,3.0,60509725.0,,,,,,,,,,
container_cpu_cfs_periods_total,0,0.00025740025740025744,,4.0,60509724.0,,,,,,,,,,
container_cpu_cfs_periods_total,1,0.00025740025740025744,,4.0,60509724.0,,,,,,,,,,
container_cpu_cfs_periods_total,2,0.00025740025740025744,,4.0,60509724.0,,,,,,,,,,
container_cpu_cfs_periods_total,3,0.00025740025740025744,,4.0,60509724.0,,,,,,,,,,
container_cpu_cfs_periods_total,4,0.9989703989703991,,4.0,60509724.0,,,,,,,,,,
container_cpu_cfs_periods_total,0,0.04,,4.0,60509725.0,,,,,,,,,,
container_cpu_cfs_periods_total,1,0.04,,4.0,60509725.0,,,,,,,,,,
container_cpu_cfs_periods_total,2,0.04,,4.0,60509725.0,,,,,,,,,,
container_cpu_cfs_periods_total,3,0.04,,4.0,60509725.0,,,,,,,,,,
container_cpu_cfs_periods_total,4,0.8400000000000001,,4.0,60509725.0,,,,,,,,,,
container_cpu_cfs_throttled_seconds_total,0,0.19999999999999998,,0.0,,0.0,,,,,,,,,
container_cpu_cfs_throttled_seconds_total,1,0.19999999999999998,,0.0,,0.0,,,,,,,,,
container_cpu_cfs_throttled_seconds_total,2,0.19999999999999998,,0.0,,0.0,,,,,,,,,
container_cpu_cfs_throttled_seconds_total,3,0.19999999999999998,,0.0,,0.0,,,,,,,,,
container_cpu_cfs_throttled_seconds_total,4,0.19999999999999998,,0.0,,0.0,,,,,,,,,
container_cpu_cfs_throttled_seconds_total,0,0.9843137254901964,,0.0,,1.0,,,,,,,,,
container_cpu_cfs_throttled_seconds_total,1,0.003921568627450982,,0.0,,1.0,,,,,,,,,
container_cpu_cfs_throttled_seconds_total,2,0.003921568627450982,,0.0,,1.0,,,,,,,,,
container_cpu_cfs_throttled_seconds_total,3,0.003921568627450982,,0.0,,1.0,,,,,,,,,
container_cpu_cfs_throttled_seconds_total,4,0.003921568627450982,,0.0,,1.0,,,,,,,,,
container_cpu_cfs_throttled_seconds_total,0,0.19999999999999998,,0.0,,2.0,,,,,,,,,
container_cpu_cfs_throttled_seconds_total,1,0.19999999999999998,,0.0,,2.0,,,,,,,,,
container_cpu_cfs_throttled_seconds_total,2,0.19999999999999998,,0.0,,2.0,,,,,,,,,
container_cpu_cfs_throttled_seconds_total,3,0.19999999999999998,,0.0,,2.0,,,,,,,,,
container_cpu_cfs_throttled_seconds_total,4,0.19999999999999998,,0.0,,2.0,,,,,,,,,
container_cpu_cfs_throttled_seconds_total,0,0.8445783132530121,,0.0,,3.0,,,,,,,,,
container_cpu_cfs_throttled_seconds_total,1,0.15180722891566267,,0.0,,3.0,,,,,,,,,
container_cpu_cfs_throttled_seconds_total,2,0.0012048192771084338,,0.0,,3.0,,,,,,,,,
container_cpu_cfs_throttled_seconds_total,3,0.0012048192771084338,,0.0,,3.0,,,,,,,,,
container_cpu_cfs_throttled_seconds_total,4,0.0012048192771084338,,0.0,,3.0,,,,,,,,,
container_cpu_cfs_throttled_seconds_total,0,0.19999999999999998,,0.0,,4.0,,,,,,,,,
container_cpu_cfs_throttled_seconds_total,1,0.19999999999999998,,0.0,,4.0,,,,,,,,,
container_cpu_cfs_throttled_seconds_total,2,0.19999999999999998,,0.0,,4.0,,,,,,,,,
container_cpu_cfs_throttled_seconds_total,3,0.19999999999999998,,0.0,,4.0,,,,,,,,,
container_cpu_cfs_throttled_seconds_total,4,0.19999999999999998,,0.0,,4.0,,,,,,,,,
container_cpu_cfs_throttled_seconds_total,0,0.14594594594594595,,1.0,,0.0,,,,,,,,,
container_cpu_cfs_throttled_seconds_total,1,0.8216216216216216,,1.0,,0.0,,,,,,,,,
container_cpu_cfs_throttled_seconds_total,2,0.01081081081081081,,1.0,,0.0,,,,,,,,,
container_cpu_cfs_throttled_seconds_total,3,0.01081081081081081,,1.0,,0.0,,,,,,,,,
container_cpu_cfs_throttled_seconds_total,4,0.01081081081081081,,1.0,,0.0,,,,,,,,,
container_cpu_cfs_throttled_seconds_total,0,0.6233576642335767,,1.0,,1.0,,,,,,,,,
container_cpu_cfs_throttled_seconds_total,1,0.36788321167883226,,1.0,,1.0,,,,,,,,,
container_cpu_cfs_throttled_seconds_total,2,0.0029197080291970814,,1.0,,1.0,,,,,,,,,
container_cpu_cfs_throttled_seconds_total,3,0.0029197080291970814,,1.0,,1.0,,,,,,,,,
container_cpu_cfs_throttled_seconds_total,4,0.0029197080291970814,,1.0,,1.0,,,,,,,,,
container_cpu_cfs_throttled_seconds_total,0,0.0048780487804878075,,1.0,,2.0,,,,,,,,,
container_cpu_cfs_throttled_seconds_total,1,0.9804878048780492,,1.0,,2.0,,,,,,,,,
container_cpu_cfs_throttled_seconds_total,2,0.0048780487804878075,,1.0,,2.0,,,,,,,,,
container_cpu_cfs_throttled_seconds_total,3,0.0048780487804878075,,1.0,,2.0,,,,,,,,,
container_cpu_cfs_throttled_seconds_total,4,0.0048780487804878075,,1.0,,2.0,,,,,,,,,
container_cpu_cfs_throttled_seconds_total,0,0.13471810089020772,,1.0,,3.0,,,,,,,,,
container_cpu_cfs_throttled_seconds_total,1,0.6391691394658754,,1.0,,3.0,,,,,,,,,
container_cpu_cfs_throttled_seconds_total,2,0.22373887240356086,,1.0,,3.0,,,,,,,,,
container_cpu_cfs_throttled_seconds_total,3,0.0011869436201780417,,1.0,,3.0,,,,,,,,,
container_cpu_cfs_throttled_seconds_total,4,0.0011869436201780417,,1.0,,3.0,,,,,,,,,
container_cpu_cfs_throttled_seconds_total,0,0.033333333333333326,,1.0,,4.0,,,,,,,,,
container_cpu_cfs_throttled_seconds_total,1,0.033333333333333326,,1.0,,4.0,,,,,,,,,
container_cpu_cfs_throttled_seconds_total,2,0.8666666666666666,,1.0,,4.0,,,,,,,,,
container_cpu_cfs_throttled_seconds_total,3,0.033333333333333326,,1.0,,4.0,,,,,,,,,
container_cpu_cfs_throttled_seconds_total,4,0.033333333333333326,,1.0,,4.0,,,,,,,,,
container_cpu_cfs_throttled_seconds_total,0,0.007017543859649123,,2.0,,0.0,,,,,,,,,
container_cpu_cfs_throttled_seconds_total,1,0.7964912280701755,,2.0,,0.0,,,,,,,,,
container_cpu_cfs_throttled_seconds_total,2,0.1824561403508772,,2.0,,0.0,,,,,,,,,
container_cpu_cfs_throttled_seconds_total,3,0.007017543859649123,,2.0,,0.0,,,,,,,,,
container_cpu_cfs_throttled_seconds_total,4,0.007017543859649123,,2.0,,0.0,,,,,,,,,
container_cpu_cfs_throttled_seconds_total,0,0.9777777777777777,,2.0,,1.0,,,,,,,,,
container_cpu_cfs_throttled_seconds_total,1,0.005555555555555556,,2.0,,1.0,,,,,,,,,
container_cpu_cfs_throttled_seconds_total,2,0.005555555555555556,,2.0,,1.0,,,,,,,,,
container_cpu_cfs_throttled_seconds_total,3,0.005555555555555556,,2.0,,1.0,,,,,,,,,
container_cpu_cfs_throttled_seconds_total,4,0.005555555555555556,,2.0,,1.0,,,,,,,,,
container_cpu_cfs_throttled_seconds_total,0,0.0019323671497584545,,2.0,,2.0,,,,,,,,,
container_cpu_cfs_throttled_seconds_total,1,0.31594202898550733,,2.0,,2.0,,,,,,,,,
container_cpu_cfs_throttled_seconds_total,2,0.6782608695652175,,2.0,,2.0,,,,,,,,,
container_cpu_cfs_throttled_seconds_total,3,0.0019323671497584545,,2.0,,2.0,,,,,,,,,
container_cpu_cfs_throttled_seconds_total,4,0.0019323671497584545,,2.0,,2.0,,,,,,,,,
container_cpu_cfs_throttled_seconds_total,0,0.0064516129032258064,,2.0,,3.0,,,,,,,,,
container_cpu_cfs_throttled_seconds_total,1,0.9741935483870967,,2.0,,3.0,,,,,,,,,
container_cpu_cfs_throttled_seconds_total,2,0.0064516129032258064,,2.0,,3.0,,,,,,,,,
container_cpu_cfs_throttled_seconds_total,3,0.0064516129032258064,,2.0,,3.0,,,,,,,,,
container_cpu_cfs_throttled_seconds_total,4,0.0064516129032258064,,2.0,,3.0,,,,,,,,,
container_cpu_cfs_throttled_seconds_total,0,0.0015873015873015875,,2.0,,4.0,,,,,,,,,
container_cpu_cfs_throttled_seconds_total,1,0.0015873015873015875,,2.0,,4.0,,,,,,,,,
container_cpu_cfs_throttled_seconds_total,2,0.8746031746031747,,2.0,,4.0,,,,,,,,,
container_cpu_cfs_throttled_seconds_total,3,0.12063492063492065,,2.0,,4.0,,,,,,,,,
container_cpu_cfs_throttled_seconds_total,4,0.0015873015873015875,,2.0,,4.0,,,,,,,,,
container_cpu_cfs_throttled_seconds_total,0,0.0015873015873015875,,3.0,,0.0,,,,,,,,,
container_cpu_cfs_throttled_seconds_total,1,0.5968253968253969,,3.0,,0.0,,,,,,,,,
container_cpu_cfs_throttled_seconds_total,2,0.39841269841269844,,3.0,,0.0,,,,,,,,,
container_cpu_cfs_throttled_seconds_total,3,0.0015873015873015875,,3.0,,0.0,,,,,,,,,
container_cpu_cfs_throttled_seconds_total,4,0.0015873015873015875,,3.0,,0.0,,,,,,,,,
container_cpu_cfs_throttled_seconds_total,0,0.9777777777777777,,3.0,,1.0,,,,,,,,,
container_cpu_cfs_throttled_seconds_total,1,0.005555555555555556,,3.0,,1.0,,,,,,,,,
container_cpu_cfs_throttled_seconds_total,2,0.005555555555555556,,3.0,,1.0,,,,,,,,,
container_cpu_cfs_throttled_seconds_total,3,0.005555555555555556,,3.0,,1.0,,,,,,,,,
container_cpu_cfs_throttled_seconds_total,4,0.005555555555555556,,3.0,,1.0,,,,,,,,,
container_cpu_cfs_throttled_seconds_total,0,0.0030303030303030307,,3.0,,2.0,,,,,,,,,
container_cpu_cfs_throttled_seconds_total,1,0.0030303030303030307,,3.0,,2.0,,,,,,,,,
container_cpu_cfs_throttled_seconds_total,2,0.646969696969697,,3.0,,2.0,,,,,,,,,
container_cpu_cfs_throttled_seconds_total,3,0.34393939393939393,,3.0,,2.0,,,,,,,,,
container_cpu_cfs_throttled_seconds_total,4,0.0030303030303030307,,3.0,,2.0,,,,,,,,,
container_cpu_cfs_throttled_seconds_total,0,0.0064516129032258064,,3.0,,3.0,,,,,,,,,
container_cpu_cfs_throttled_seconds_total,1,0.4096774193548387,,3.0,,3.0,,,,,,,,,
container_cpu_cfs_throttled_seconds_total,2,0.5709677419354838,,3.0,,3.0,,,,,,,,,
container_cpu_cfs_throttled_seconds_total,3,0.0064516129032258064,,3.0,,3.0,,,,,,,,,
container_cpu_cfs_throttled_seconds_total,4,0.0064516129032258064,,3.0,,3.0,,,,,,,,,
container_cpu_cfs_throttled_seconds_total,0,0.002197802197802198,,3.0,,4.0,,,,,,,,,
container_cpu_cfs_throttled_seconds_total,1,0.002197802197802198,,3.0,,4.0,,,,,,,,,
container_cpu_cfs_throttled_seconds_total,2,0.002197802197802198,,3.0,,4.0,,,,,,,,,
container_cpu_cfs_throttled_seconds_total,3,0.9912087912087912,,3.0,,4.0,,,,,,,,,
container_cpu_cfs_throttled_seconds_total,4,0.002197802197802198,,3.0,,4.0,,,,,,,,,
container_cpu_cfs_throttled_seconds_total,0,0.00043620501635768805,,4.0,,0.0,,,,,,,,,
container_cpu_cfs_throttled_seconds_total,1,0.8892039258451471,,4.0,,0.0,,,,,,,,,
container_cpu_cfs_throttled_seconds_total,2,0.09858233369683748,,4.0,,0.0,,,,,,,,,
container_cpu_cfs_throttled_seconds_total,3,0.01134133042529989,,4.0,,0.0,,,,,,,,,
container_cpu_cfs_throttled_seconds_total,4,0.00043620501635768805,,4.0,,0.0,,,,,,,,,
container_cpu_cfs_throttled_seconds_total,0,0.41094640820980605,,4.0,,1.0,,,,,,,,,
container_cpu_cfs_throttled_seconds_total,1,0.5876852907639679,,4.0,,1.0,,,,,,,,,
container_cpu_cfs_throttled_seconds_total,2,0.0004561003420752565,,4.0,,1.0,,,,,,,,,
container_cpu_cfs_throttled_seconds_total,3,0.0004561003420752565,,4.0,,1.0,,,,,,,,,
container_cpu_cfs_throttled_seconds_total,4,0.0004561003420752565,,4.0,,1.0,,,,,,,,,
container_cpu_cfs_throttled_seconds_total,0,0.0004778972520908004,,4.0,,2.0,,,,,,,,,
container_cpu_cfs_throttled_seconds_total,1,0.0004778972520908004,,4.0,,2.0,,,,,,,,,
container_cpu_cfs_throttled_seconds_total,2,0.0004778972520908004,,4.0,,2.0,,,,,,,,,
container_cpu_cfs_throttled_seconds_total,3,0.9980884109916367,,4.0,,2.0,,,,,,,,,
container_cpu_cfs_throttled_seconds_total,4,0.0004778972520908004,,4.0,,2.0,,,,,,,,,
container_cpu_cfs_throttled_seconds_total,0,0.0008565310492505354,,4.0,,3.0,,,,,,,,,
container_cpu_cfs_throttled_seconds_total,1,0.0008565310492505354,,4.0,,3.0,,,,,,,,,
container_cpu_cfs_throttled_seconds_total,2,0.6004282655246254,,4.0,,3.0,,,,,,,,,
container_cpu_cfs_throttled_seconds_total,3,0.3970021413276231,,4.0,,3.0,,,,,,,,,
container_cpu_cfs_throttled_seconds_total,4,0.0008565310492505354,,4.0,,3.0,,,,,,,,,
container_cpu_cfs_throttled_seconds_total,0,0.0004926108374384236,,4.0,,4.0,,,,,,,,,
container_cpu_cfs_throttled_seconds_total,1,0.0004926108374384236,,4.0,,4.0,,,,,,,,,
container_cpu_cfs_throttled_seconds_total,2,0.0004926108374384236,,4.0,,4.0,,,,,,,,,
container_cpu_cfs_throttled_seconds_total,3,0.025123152709359605,,4.0,,4.0,,,,,,,,,
container_cpu_cfs_throttled_seconds_total,4,0.9733990147783251,,4.0,,4.0,,,,,,,,,
container_cpu_system_seconds_total,0,0.0914572864321608,,,,,100000.0,0.0,,,,,,,
container_cpu_system_seconds_total,1,0.37788944723618095,,,,,100000.0,0.0,,,,,,,
container_cpu_system_seconds_total,2,0.5286432160804021,,,,,100000.0,0.0,,,,,,,
container_cpu_system_seconds_total,3,0.0010050251256281408,,,,,100000.0,0.0,,,,,,,
container_cpu_system_seconds_total,4,0.0010050251256281408,,,,,100000.0,0.0,,,,,,,
container_cpu_system_seconds_total,0,0.001886792452830188,,,,,100000.0,1.0,,,,,,,
container_cpu_system_seconds_total,1,0.7943396226415093,,,,,100000.0,1.0,,,,,,,
container_cpu_system_seconds_total,2,0.19999999999999993,,,,,100000.0,1.0,,,,,,,
container_cpu_system_seconds_total,3,0.001886792452830188,,,,,100000.0,1.0,,,,,,,
container_cpu_system_seconds_total,4,0.001886792452830188,,,,,100000.0,1.0,,,,,,,
container_cpu_system_seconds_total,0,0.0018867924528301878,,,,,100000.0,2.0,,,,,,,
container_cpu_system_seconds_total,1,0.9924528301886789,,,,,100000.0,2.0,,,,,,,
container_cpu_system_seconds_total,2,0.0018867924528301878,,,,,100000.0,2.0,,,,,,,
container_cpu_system_seconds_total,3,0.0018867924528301878,,,,,100000.0,2.0,,,,,,,
container_cpu_system_seconds_total,4,0.0018867924528301878,,,,,100000.0,2.0,,,,,,,
container_cpu_system_seconds_total,0,0.0018867924528301878,,,,,100000.0,3.0,,,,,,,
container_cpu_system_seconds_total,1,0.9924528301886789,,,,,100000.0,3.0,,,,,,,
container_cpu_system_seconds_total,2,0.0018867924528301878,,,,,100000.0,3.0,,,,,,,
container_cpu_system_seconds_total,3,0.0018867924528301878,,,,,100000.0,3.0,,,,,,,
container_cpu_system_seconds_total,4,0.0018867924528301878,,,,,100000.0,3.0,,,,,,,
container_cpu_system_seconds_total,0,0.0019138755980861234,,,,,100000.0,4.0,,,,,,,
container_cpu_system_seconds_total,1,0.9349282296650714,,,,,100000.0,4.0,,,,,,,
container_cpu_system_seconds_total,2,0.05933014354066984,,,,,100000.0,4.0,,,,,,,
container_cpu_system_seconds_total,3,0.0019138755980861234,,,,,100000.0,4.0,,,,,,,
container_cpu_system_seconds_total,4,0.0019138755980861234,,,,,100000.0,4.0,,,,,,,
container_cpu_system_seconds_total,0,0.0009478672985781991,,,,,200000.0,0.0,,,,,,,
container_cpu_system_seconds_total,1,0.12180094786729859,,,,,200000.0,0.0,,,,,,,
container_cpu_system_seconds_total,2,0.4203791469194313,,,,,200000.0,0.0,,,,,,,
container_cpu_system_seconds_total,3,0.4203791469194313,,,,,200000.0,0.0,,,,,,,
container_cpu_system_seconds_total,4,0.036492890995260666,,,,,200000.0,0.0,,,,,,,
container_cpu_system_seconds_total,0,0.0018867924528301878,,,,,200000.0,1.0,,,,,,,
container_cpu_system_seconds_total,1,0.9783018867924524,,,,,200000.0,1.0,,,,,,,
container_cpu_system_seconds_total,2,0.016037735849056597,,,,,200000.0,1.0,,,,,,,
container_cpu_system_seconds_total,3,0.0018867924528301878,,,,,200000.0,1.0,,,,,,,
container_cpu_system_seconds_total,4,0.0018867924528301878,,,,,200000.0,1.0,,,,,,,
container_cpu_system_seconds_total,0,0.0018867924528301878,,,,,200000.0,2.0,,,,,,,
container_cpu_system_seconds_total,1,0.9924528301886789,,,,,200000.0,2.0,,,,,,,
container_cpu_system_seconds_total,2,0.0018867924528301878,,,,,200000.0,2.0,,,,,,,
container_cpu_system_seconds_total,3,0.0018867924528301878,,,,,200000.0,2.0,,,,,,,
container_cpu_system_seconds_total,4,0.0018867924528301878,,,,,200000.0,2.0,,,,,,,
container_cpu_system_seconds_total,0,0.0018867924528301878,,,,,200000.0,3.0,,,,,,,
container_cpu_system_seconds_total,1,0.9924528301886789,,,,,200000.0,3.0,,,,,,,
container_cpu_system_seconds_total,2,0.0018867924528301878,,,,,200000.0,3.0,,,,,,,
container_cpu_system_seconds_total,3,0.0018867924528301878,,,,,200000.0,3.0,,,,,,,
container_cpu_system_seconds_total,4,0.0018867924528301878,,,,,200000.0,3.0,,,,,,,
container_cpu_system_seconds_total,0,0.001886792452830188,,,,,200000.0,4.0,,,,,,,
container_cpu_system_seconds_total,1,0.8367924528301884,,,,,200000.0,4.0,,,,,,,
container_cpu_system_seconds_total,2,0.1575471698113207,,,,,200000.0,4.0,,,,,,,
container_cpu_system_seconds_total,3,0.001886792452830188,,,,,200000.0,4.0,,,,,,,
container_cpu_system_seconds_total,4,0.001886792452830188,,,,,200000.0,4.0,,,,,,,
container_cpu_system_seconds_total,0,0.0009478672985781989,,,,,300000.0,0.0,,,,,,,
container_cpu_system_seconds_total,1,0.0009478672985781989,,,,,300000.0,0.0,,,,,,,
container_cpu_system_seconds_total,2,0.15023696682464452,,,,,300000.0,0.0,,,,,,,
container_cpu_system_seconds_total,3,0.2995260663507109,,,,,300000.0,0.0,,,,,,,
container_cpu_system_seconds_total,4,0.5483412322274881,,,,,300000.0,0.0,,,,,,,
container_cpu_system_seconds_total,0,0.0018867924528301885,,,,,300000.0,1.0,,,,,,,
container_cpu_system_seconds_total,1,0.0018867924528301885,,,,,300000.0,1.0,,,,,,,
container_cpu_system_seconds_total,2,0.4264150943396226,,,,,300000.0,1.0,,,,,,,
container_cpu_system_seconds_total,3,0.5679245283018868,,,,,300000.0,1.0,,,,,,,
container_cpu_system_seconds_total,4,0.0018867924528301885,,,,,300000.0,1.0,,,,,,,
container_cpu_system_seconds_total,0,0.001886792452830188,,,,,300000.0,2.0,,,,,,,
container_cpu_system_seconds_total,1,0.681132075471698,,,,,300000.0,2.0,,,,,,,
container_cpu_system_seconds_total,2,0.31320754716981125,,,,,300000.0,2.0,,,,,,,
container_cpu_system_seconds_total,3,0.001886792452830188,,,,,300000.0,2.0,,,,,,,
container_cpu_system_seconds_total,4,0.001886792452830188,,,,,300000.0,2.0,,,,,,,
container_cpu_system_seconds_total,0,0.001886792452830188,,,,,300000.0,3.0,,,,,,,
container_cpu_system_seconds_total,1,0.2566037735849056,,,,,300000.0,3.0,,,,,,,
container_cpu_system_seconds_total,2,0.7377358490566036,,,,,300000.0,3.0,,,,,,,
container_cpu_system_seconds_total,3,0.001886792452830188,,,,,300000.0,3.0,,,,,,,
container_cpu_system_seconds_total,4,0.001886792452830188,,,,,300000.0,3.0,,,,,,,
container_cpu_system_seconds_total,0,0.001886792452830188,,,,,300000.0,4.0,,,,,,,
container_cpu_system_seconds_total,1,0.21415094339622634,,,,,300000.0,4.0,,,,,,,
container_cpu_system_seconds_total,2,0.7801886792452828,,,,,300000.0,4.0,,,,,,,
container_cpu_system_seconds_total,3,0.001886792452830188,,,,,300000.0,4.0,,,,,,,
container_cpu_system_seconds_total,4,0.001886792452830188,,,,,300000.0,4.0,,,,,,,
container_cpu_usage_seconds_total,0,0.45714285714285713,0.0,,,,,,,,,,,,
container_cpu_usage_seconds_total,1,0.45714285714285713,0.0,,,,,,,,,,,,
container_cpu_usage_seconds_total,2,0.02857142857142857,0.0,,,,,,,,,,,,
container_cpu_usage_seconds_total,3,0.02857142857142857,0.0,,,,,,,,,,,,
container_cpu_usage_seconds_total,4,0.02857142857142857,0.0,,,,,,,,,,,,
container_cpu_usage_seconds_total,0,0.0005891016200294553,1.0,,,,,,,,,,,,
container_cpu_usage_seconds_total,1,0.42032400589101626,1.0,,,,,,,,,,,,
container_cpu_usage_seconds_total,2,0.5469808541973491,1.0,,,,,,,,,,,,
container_cpu_usage_seconds_total,3,0.03151693667157585,1.0,,,,,,,,,,,,
container_cpu_usage_seconds_total,4,0.0005891016200294553,1.0,,,,,,,,,,,,
container_cpu_usage_seconds_total,0,0.0011730205278592375,2.0,,,,,,,,,,,,
container_cpu_usage_seconds_total,1,0.004105571847507331,2.0,,,,,,,,,,,,
container_cpu_usage_seconds_total,2,0.555425219941349,2.0,,,,,,,,,,,,
container_cpu_usage_seconds_total,3,0.43812316715542526,2.0,,,,,,,,,,,,
container_cpu_usage_seconds_total,4,0.0011730205278592375,2.0,,,,,,,,,,,,
container_cpu_usage_seconds_total,0,0.002797202797202797,3.0,,,,,,,,,,,,
container_cpu_usage_seconds_total,1,0.002797202797202797,3.0,,,,,,,,,,,,
container_cpu_usage_seconds_total,2,0.002797202797202797,3.0,,,,,,,,,,,,
container_cpu_usage_seconds_total,3,0.7230769230769231,3.0,,,,,,,,,,,,
container_cpu_usage_seconds_total,4,0.26853146853146853,3.0,,,,,,,,,,,,
container_cpu_usage_seconds_total,0,0.004761904761904762,4.0,,,,,,,,,,,,
container_cpu_usage_seconds_total,1,0.004761904761904762,4.0,,,,,,,,,,,,
container_cpu_usage_seconds_total,2,0.004761904761904762,4.0,,,,,,,,,,,,
container_cpu_usage_seconds_total,3,0.004761904761904762,4.0,,,,,,,,,,,,
container_cpu_usage_seconds_total,4,0.980952380952381,4.0,,,,,,,,,,,,
container_cpu_user_seconds_total,0,0.5499999999999999,,,,,,,0.0,,,,,,
container_cpu_user_seconds_total,1,0.29999999999999993,,,,,,,0.0,,,,,,
container_cpu_user_seconds_total,2,0.04999999999999999,,,,,,,0.0,,,,,,
container_cpu_user_seconds_total,3,0.04999999999999999,,,,,,,0.0,,,,,,
container_cpu_user_seconds_total,4,0.04999999999999999,,,,,,,0.0,,,,,,
container_cpu_user_seconds_total,0,0.001360544217687075,,,,,,,1.0,,,,,,
container_cpu_user_seconds_total,1,0.3142857142857143,,,,,,,1.0,,,,,,
container_cpu_user_seconds_total,2,0.6816326530612246,,,,,,,1.0,,,,,,
container_cpu_user_seconds_total,3,0.001360544217687075,,,,,,,1.0,,,,,,
container_cpu_user_seconds_total,4,0.001360544217687075,,,,,,,1.0,,,,,,
container_cpu_user_seconds_total,0,0.0007117437722419929,,,,,,,2.0,,,,,,
container_cpu_user_seconds_total,1,0.0007117437722419929,,,,,,,2.0,,,,,,
container_cpu_user_seconds_total,2,0.6768683274021352,,,,,,,2.0,,,,,,
container_cpu_user_seconds_total,3,0.3209964412811388,,,,,,,2.0,,,,,,
container_cpu_user_seconds_total,4,0.0007117437722419929,,,,,,,2.0,,,,,,
container_cpu_user_seconds_total,0,0.0014545454545454547,,,,,,,3.0,,,,,,
container_cpu_user_seconds_total,1,0.0014545454545454547,,,,,,,3.0,,,,,,
container_cpu_user_seconds_total,2,0.00509090909090909,,,,,,,3.0,,,,,,
container_cpu_user_seconds_total,3,0.7287272727272728,,,,,,,3.0,,,,,,
container_cpu_user_seconds_total,4,0.26327272727272727,,,,,,,3.0,,,,,,
container_cpu_user_seconds_total,0,0.003278688524590164,,,,,,,4.0,,,,,,
container_cpu_user_seconds_total,1,0.003278688524590164,,,,,,,4.0,,,,,,
container_cpu_user_seconds_total,2,0.003278688524590164,,,,,,,4.0,,,,,,
container_cpu_user_seconds_total,3,0.019672131147540982,,,,,,,4.0,,,,,,
container_cpu_user_seconds_total,4,0.9704918032786886,,,,,,,4.0,,,,,,
container_fs_inodes_free,60509724,0.058823529411764705,,,,,,,,0.0,,,,,
container_fs_inodes_free,60509725,0.9411764705882353,,,,,,,,0.0,,,,,
container_fs_inodes_free,60509724,0.3870967741935484,,,,,,,,1.0,,,,,
container_fs_inodes_free,60509725,0.6129032258064516,,,,,,,,1.0,,,,,
container_fs_inodes_free,60509724,0.9523809523809523,,,,,,,,2.0,,,,,
container_fs_inodes_free,60509725,0.047619047619047616,,,,,,,,2.0,,,,,
container_fs_inodes_free,60509724,0.996742671009772,,,,,,,,3.0,,,,,
container_fs_inodes_free,60509725,0.003257328990228013,,,,,,,,3.0,,,,,
container_fs_inodes_free,60509724,0.9988700564971752,,,,,,,,4.0,,,,,
container_fs_inodes_free,60509725,0.0011299435028248588,,,,,,,,4.0,,,,,
python_gc_collections_total,0,0.001362769146906514,,,60509724.0,,,,,,,,,,
python_gc_collections_total,2,0.20168983374216407,,,60509724.0,,,,,,,,,,
python_gc_collections_total,4,0.7969473971109293,,,60509724.0,,,,,,,,,,
python_gc_collections_total,0,0.14912280701754388,,,60509725.0,,,,,,,,,,
python_gc_collections_total,2,0.8070175438596492,,,60509725.0,,,,,,,,,,
python_gc_collections_total,4,0.04385964912280702,,,60509725.0,,,,,,,,,,
container_fs_reads_bytes_total,0,0.17647058823529413,,,,,,,,0.0,,,,,
container_fs_reads_bytes_total,4,0.8235294117647058,,,,,,,,0.0,,,,,
container_fs_reads_bytes_total,0,0.03225806451612903,,,,,,,,1.0,,,,,
container_fs_reads_bytes_total,4,0.967741935483871,,,,,,,,1.0,,,,,
container_fs_reads_bytes_total,0,0.09523809523809523,,,,,,,,2.0,,,,,
container_fs_reads_bytes_total,4,0.9047619047619048,,,,,,,,2.0,,,,,
container_fs_reads_bytes_total,0,0.996742671009772,,,,,,,,3.0,,,,,
container_fs_reads_bytes_total,4,0.003257328990228013,,,,,,,,3.0,,,,,
container_fs_reads_bytes_total,0,0.9988700564971752,,,,,,,,4.0,,,,,
container_fs_reads_bytes_total,4,0.0011299435028248588,,,,,,,,4.0,,,,,
container_memory_failures_total,0,0.9979096989966555,,,,,,,,,0.0,,,,
container_memory_failures_total,4,0.0020903010033444815,,,,,,,,,0.0,,,,
container_memory_failures_total,0,0.038461538461538464,,,,,,,,,4.0,,,,
container_memory_failures_total,4,0.9615384615384616,,,,,,,,,4.0,,,,
container_last_seen,0,0.9959798994974877,,,,,100000.0,0.0,,,,,,,
container_last_seen,1,0.001005025125628141,,,,,100000.0,0.0,,,,,,,
container_last_seen,2,0.001005025125628141,,,,,100000.0,0.0,,,,,,,
container_last_seen,3,0.001005025125628141,,,,,100000.0,0.0,,,,,,,
container_last_seen,4,0.001005025125628141,,,,,100000.0,0.0,,,,,,,
container_last_seen,0,0.9924528301886789,,,,,100000.0,1.0,,,,,,,
container_last_seen,1,0.0018867924528301878,,,,,100000.0,1.0,,,,,,,
container_last_seen,2,0.0018867924528301878,,,,,100000.0,1.0,,,,,,,
container_last_seen,3,0.0018867924528301878,,,,,100000.0,1.0,,,,,,,
container_last_seen,4,0.0018867924528301878,,,,,100000.0,1.0,,,,,,,
container_last_seen,0,0.6952830188679243,,,,,100000.0,2.0,,,,,,,
container_last_seen,1,0.29905660377358484,,,,,100000.0,2.0,,,,,,,
container_last_seen,2,0.001886792452830188,,,,,100000.0,2.0,,,,,,,
container_last_seen,3,0.001886792452830188,,,,,100000.0,2.0,,,,,,,
container_last_seen,4,0.001886792452830188,,,,,100000.0,2.0,,,,,,,
container_last_seen,0,0.0018867924528301878,,,,,100000.0,3.0,,,,,,,
container_last_seen,1,0.9924528301886789,,,,,100000.0,3.0,,,,,,,
container_last_seen,2,0.0018867924528301878,,,,,100000.0,3.0,,,,,,,
container_last_seen,3,0.0018867924528301878,,,,,100000.0,3.0,,,,,,,
container_last_seen,4,0.0018867924528301878,,,,,100000.0,3.0,,,,,,,
container_last_seen,0,0.0019138755980861234,,,,,100000.0,4.0,,,,,,,
container_last_seen,1,0.9923444976076551,,,,,100000.0,4.0,,,,,,,
container_last_seen,2,0.0019138755980861234,,,,,100000.0,4.0,,,,,,,
container_last_seen,3,0.0019138755980861234,,,,,100000.0,4.0,,,,,,,
container_last_seen,4,0.0019138755980861234,,,,,100000.0,4.0,,,,,,,
container_last_seen,0,0.0009478672985781991,,,,,200000.0,0.0,,,,,,,
container_last_seen,1,0.6336492890995261,,,,,200000.0,0.0,,,,,,,
container_last_seen,2,0.36350710900473937,,,,,200000.0,0.0,,,,,,,
container_last_seen,3,0.0009478672985781991,,,,,200000.0,0.0,,,,,,,
container_last_seen,4,0.0009478672985781991,,,,,200000.0,0.0,,,,,,,
container_last_seen,0,0.001886792452830188,,,,,200000.0,1.0,,,,,,,
container_last_seen,1,0.001886792452830188,,,,,200000.0,1.0,,,,,,,
container_last_seen,2,0.992452830188679,,,,,200000.0,1.0,,,,,,,
container_last_seen,3,0.001886792452830188,,,,,200000.0,1.0,,,,,,,
container_last_seen,4,0.001886792452830188,,,,,200000.0,1.0,,,,,,,
container_last_seen,0,0.001886792452830188,,,,,200000.0,2.0,,,,,,,
container_last_seen,1,0.001886792452830188,,,,,200000.0,2.0,,,,,,,
container_last_seen,2,0.992452830188679,,,,,200000.0,2.0,,,,,,,
container_last_seen,3,0.001886792452830188,,,,,200000.0,2.0,,,,,,,
container_last_seen,4,0.001886792452830188,,,,,200000.0,2.0,,,,,,,
container_last_seen,0,0.0018867924528301885,,,,,200000.0,3.0,,,,,,,
container_last_seen,1,0.0018867924528301885,,,,,200000.0,3.0,,,,,,,
container_last_seen,2,0.8367924528301887,,,,,200000.0,3.0,,,,,,,
container_last_seen,3,0.15754716981132075,,,,,200000.0,3.0,,,,,,,
container_last_seen,4,0.0018867924528301885,,,,,200000.0,3.0,,,,,,,
container_last_seen,0,0.001886792452830188,,,,,200000.0,4.0,,,,,,,
container_last_seen,1,0.0160377358490566,,,,,200000.0,4.0,,,,,,,
container_last_seen,2,0.001886792452830188,,,,,200000.0,4.0,,,,,,,
container_last_seen,3,0.9783018867924527,,,,,200000.0,4.0,,,,,,,
container_last_seen,4,0.001886792452830188,,,,,200000.0,4.0,,,,,,,
container_last_seen,0,0.0009478672985781991,,,,,300000.0,0.0,,,,,,,
container_last_seen,1,0.0009478672985781991,,,,,300000.0,0.0,,,,,,,
container_last_seen,2,0.0009478672985781991,,,,,300000.0,0.0,,,,,,,
container_last_seen,3,0.9962085308056872,,,,,300000.0,0.0,,,,,,,
container_last_seen,4,0.0009478672985781991,,,,,300000.0,0.0,,,,,,,
container_last_seen,0,0.001886792452830189,,,,,300000.0,1.0,,,,,,,
container_last_seen,1,0.001886792452830189,,,,,300000.0,1.0,,,,,,,
container_last_seen,2,0.001886792452830189,,,,,300000.0,1.0,,,,,,,
container_last_seen,3,0.4122641509433963,,,,,300000.0,1.0,,,,,,,
container_last_seen,4,0.5820754716981132,,,,,300000.0,1.0,,,,,,,
container_last_seen,0,0.0018867924528301885,,,,,300000.0,2.0,,,,,,,
container_last_seen,1,0.0018867924528301885,,,,,300000.0,2.0,,,,,,,
container_last_seen,2,0.0018867924528301885,,,,,300000.0,2.0,,,,,,,
container_last_seen,3,0.0018867924528301885,,,,,300000.0,2.0,,,,,,,
container_last_seen,4,0.9924528301886792,,,,,300000.0,2.0,,,,,,,
container_last_seen,0,0.0018867924528301885,,,,,300000.0,3.0,,,,,,,
container_last_seen,1,0.0018867924528301885,,,,,300000.0,3.0,,,,,,,
container_last_seen,2,0.0018867924528301885,,,,,300000.0,3.0,,,,,,,
container_last_seen,3,0.0018867924528301885,,,,,300000.0,3.0,,,,,,,
container_last_seen,4,0.9924528301886792,,,,,300000.0,3.0,,,,,,,
container_last_seen,0,0.0018867924528301885,,,,,300000.0,4.0,,,,,,,
container_last_seen,1,0.0018867924528301885,,,,,300000.0,4.0,,,,,,,
container_last_seen,2,0.0018867924528301885,,,,,300000.0,4.0,,,,,,,
container_last_seen,3,0.016037735849056604,,,,,300000.0,4.0,,,,,,,
container_last_seen,4,0.9783018867924529,,,,,300000.0,4.0,,,,,,,
container_fs_usage_bytes,0,0.9699604743083003,,,,0.0,,,,,,,,,
container_fs_usage_bytes,1,0.025296442687747035,,,,0.0,,,,,,,,,
container_fs_usage_bytes,2,0.0015810276679841897,,,,0.0,,,,,,,,,
container_fs_usage_bytes,3,0.0015810276679841897,,,,0.0,,,,,,,,,
container_fs_usage_bytes,4,0.0015810276679841897,,,,0.0,,,,,,,,,
container_fs_usage_bytes,0,0.0015873015873015873,,,,1.0,,,,,,,,,
container_fs_usage_bytes,1,0.9738095238095237,,,,1.0,,,,,,,,,
container_fs_usage_bytes,2,0.02142857142857143,,,,1.0,,,,,,,,,
container_fs_usage_bytes,3,0.0015873015873015873,,,,1.0,,,,,,,,,
container_fs_usage_bytes,4,0.0015873015873015873,,,,1.0,,,,,,,,,
container_fs_usage_bytes,0,0.0015873015873015873,,,,2.0,,,,,,,,,
container_fs_usage_bytes,1,0.0015873015873015873,,,,2.0,,,,,,,,,
container_fs_usage_bytes,2,0.9817460317460317,,,,2.0,,,,,,,,,
container_fs_usage_bytes,3,0.013492063492063491,,,,2.0,,,,,,,,,
container_fs_usage_bytes,4,0.0015873015873015873,,,,2.0,,,,,,,,,
container_fs_usage_bytes,0,0.0015873015873015873,,,,3.0,,,,,,,,,
container_fs_usage_bytes,1,0.0015873015873015873,,,,3.0,,,,,,,,,
container_fs_usage_bytes,2,0.0015873015873015873,,,,3.0,,,,,,,,,
container_fs_usage_bytes,3,0.9817460317460318,,,,3.0,,,,,,,,,
container_fs_usage_bytes,4,0.013492063492063491,,,,3.0,,,,,,,,,
container_fs_usage_bytes,0,0.0015873015873015873,,,,4.0,,,,,,,,,
container_fs_usage_bytes,1,0.0015873015873015873,,,,4.0,,,,,,,,,
container_fs_usage_bytes,2,0.0015873015873015873,,,,4.0,,,,,,,,,
container_fs_usage_bytes,3,0.0015873015873015873,,,,4.0,,,,,,,,,
container_fs_usage_bytes,4,0.9936507936507937,,,,4.0,,,,,,,,,
container_memory_mapped_file,0,0.031155778894472366,,,,,100000.0,0.0,,,,,,,
container_memory_mapped_file,1,0.32512562814070356,,,,,100000.0,0.0,,,,,,,
container_memory_mapped_file,2,0.6417085427135679,,,,,100000.0,0.0,,,,,,,
container_memory_mapped_file,3,0.0010050251256281408,,,,,100000.0,0.0,,,,,,,
container_memory_mapped_file,4,0.0010050251256281408,,,,,100000.0,0.0,,,,,,,
container_memory_mapped_file,0,0.001886792452830188,,,,,100000.0,1.0,,,,,,,
container_memory_mapped_file,1,0.001886792452830188,,,,,100000.0,1.0,,,,,,,
container_memory_mapped_file,2,0.992452830188679,,,,,100000.0,1.0,,,,,,,
container_memory_mapped_file,3,0.001886792452830188,,,,,100000.0,1.0,,,,,,,
container_memory_mapped_file,4,0.001886792452830188,,,,,100000.0,1.0,,,,,,,
container_memory_mapped_file,0,0.001886792452830188,,,,,100000.0,2.0,,,,,,,
container_memory_mapped_file,1,0.001886792452830188,,,,,100000.0,2.0,,,,,,,
container_memory_mapped_file,2,0.992452830188679,,,,,100000.0,2.0,,,,,,,
container_memory_mapped_file,3,0.001886792452830188,,,,,100000.0,2.0,,,,,,,
container_memory_mapped_file,4,0.001886792452830188,,,,,100000.0,2.0,,,,,,,
container_memory_mapped_file,0,0.001886792452830188,,,,,100000.0,3.0,,,,,,,
container_memory_mapped_file,1,0.001886792452830188,,,,,100000.0,3.0,,,,,,,
container_memory_mapped_file,2,0.992452830188679,,,,,100000.0,3.0,,,,,,,
container_memory_mapped_file,3,0.001886792452830188,,,,,100000.0,3.0,,,,,,,
container_memory_mapped_file,4,0.001886792452830188,,,,,100000.0,3.0,,,,,,,
container_memory_mapped_file,0,0.0019138755980861242,,,,,100000.0,4.0,,,,,,,
container_memory_mapped_file,1,0.0019138755980861242,,,,,100000.0,4.0,,,,,,,
container_memory_mapped_file,2,0.9062200956937798,,,,,100000.0,4.0,,,,,,,
container_memory_mapped_file,3,0.08803827751196172,,,,,100000.0,4.0,,,,,,,
container_memory_mapped_file,4,0.0019138755980861242,,,,,100000.0,4.0,,,,,,,
container_memory_mapped_file,0,0.0009478672985781991,,,,,200000.0,0.0,,,,,,,
container_memory_mapped_file,1,0.0009478672985781991,,,,,200000.0,0.0,,,,,,,
container_memory_mapped_file,2,0.0009478672985781991,,,,,200000.0,0.0,,,,,,,
container_memory_mapped_file,3,0.9962085308056872,,,,,200000.0,0.0,,,,,,,
container_memory_mapped_file,4,0.0009478672985781991,,,,,200000.0,0.0,,,,,,,
container_memory_mapped_file,0,0.001886792452830188,,,,,200000.0,1.0,,,,,,,
container_memory_mapped_file,1,0.001886792452830188,,,,,200000.0,1.0,,,,,,,
container_memory_mapped_file,2,0.001886792452830188,,,,,200000.0,1.0,,,,,,,
container_memory_mapped_file,3,0.992452830188679,,,,,200000.0,1.0,,,,,,,
container_memory_mapped_file,4,0.001886792452830188,,,,,200000.0,1.0,,,,,,,
container_memory_mapped_file,0,0.001886792452830188,,,,,200000.0,2.0,,,,,,,
container_memory_mapped_file,1,0.001886792452830188,,,,,200000.0,2.0,,,,,,,
container_memory_mapped_file,2,0.001886792452830188,,,,,200000.0,2.0,,,,,,,
container_memory_mapped_file,3,0.992452830188679,,,,,200000.0,2.0,,,,,,,
container_memory_mapped_file,4,0.001886792452830188,,,,,200000.0,2.0,,,,,,,
container_memory_mapped_file,0,0.0018867924528301885,,,,,200000.0,3.0,,,,,,,
container_memory_mapped_file,1,0.0018867924528301885,,,,,200000.0,3.0,,,,,,,
container_memory_mapped_file,2,0.0018867924528301885,,,,,200000.0,3.0,,,,,,,
container_memory_mapped_file,3,0.04433962264150943,,,,,200000.0,3.0,,,,,,,
container_memory_mapped_file,4,0.9500000000000001,,,,,200000.0,3.0,,,,,,,
container_memory_mapped_file,0,0.0018867924528301885,,,,,200000.0,4.0,,,,,,,
container_memory_mapped_file,1,0.0018867924528301885,,,,,200000.0,4.0,,,,,,,
container_memory_mapped_file,2,0.0018867924528301885,,,,,200000.0,4.0,,,,,,,
container_memory_mapped_file,3,0.016037735849056604,,,,,200000.0,4.0,,,,,,,
container_memory_mapped_file,4,0.9783018867924529,,,,,200000.0,4.0,,,,,,,
container_memory_mapped_file,0,0.0009478672985781991,,,,,300000.0,0.0,,,,,,,
container_memory_mapped_file,1,0.0009478672985781991,,,,,300000.0,0.0,,,,,,,
container_memory_mapped_file,2,0.0009478672985781991,,,,,300000.0,0.0,,,,,,,
container_memory_mapped_file,3,0.0009478672985781991,,,,,300000.0,0.0,,,,,,,
container_memory_mapped_file,4,0.9962085308056872,,,,,300000.0,0.0,,,,,,,
container_memory_mapped_file,0,0.0018867924528301885,,,,,300000.0,1.0,,,,,,,
container_memory_mapped_file,1,0.0018867924528301885,,,,,300000.0,1.0,,,,,,,
container_memory_mapped_file,2,0.0018867924528301885,,,,,300000.0,1.0,,,,,,,
container_memory_mapped_file,3,0.0018867924528301885,,,,,300000.0,1.0,,,,,,,
container_memory_mapped_file,4,0.9924528301886792,,,,,300000.0,1.0,,,,,,,
container_memory_mapped_file,0,0.0018867924528301885,,,,,300000.0,2.0,,,,,,,
container_memory_mapped_file,1,0.0018867924528301885,,,,,300000.0,2.0,,,,,,,
container_memory_mapped_file,2,0.0018867924528301885,,,,,300000.0,2.0,,,,,,,
container_memory_mapped_file,3,0.0018867924528301885,,,,,300000.0,2.0,,,,,,,
container_memory_mapped_file,4,0.9924528301886792,,,,,300000.0,2.0,,,,,,,
container_memory_mapped_file,0,0.0018867924528301885,,,,,300000.0,3.0,,,,,,,
container_memory_mapped_file,1,0.0018867924528301885,,,,,300000.0,3.0,,,,,,,
container_memory_mapped_file,2,0.0018867924528301885,,,,,300000.0,3.0,,,,,,,
container_memory_mapped_file,3,0.0018867924528301885,,,,,300000.0,3.0,,,,,,,
container_memory_mapped_file,4,0.9924528301886792,,,,,300000.0,3.0,,,,,,,
container_memory_mapped_file,0,0.0018867924528301885,,,,,300000.0,4.0,,,,,,,
container_memory_mapped_file,1,0.0018867924528301885,,,,,300000.0,4.0,,,,,,,
container_memory_mapped_file,2,0.0018867924528301885,,,,,300000.0,4.0,,,,,,,
container_memory_mapped_file,3,0.0018867924528301885,,,,,300000.0,4.0,,,,,,,
container_memory_mapped_file,4,0.9924528301886792,,,,,300000.0,4.0,,,,,,,
container_memory_usage_bytes,0,0.7333333333333332,,,,,,,,,,0.0,,,
container_memory_usage_bytes,1,0.06666666666666665,,,,,,,,,,0.0,,,
container_memory_usage_bytes,2,0.06666666666666665,,,,,,,,,,0.0,,,
container_memory_usage_bytes,3,0.06666666666666665,,,,,,,,,,0.0,,,
container_memory_usage_bytes,4,0.06666666666666665,,,,,,,,,,0.0,,,
container_memory_usage_bytes,0,0.05333333333333334,,,,,,,,,,1.0,,,
container_memory_usage_bytes,1,0.8533333333333334,,,,,,,,,,1.0,,,
container_memory_usage_bytes,2,0.07555555555555557,,,,,,,,,,1.0,,,
container_memory_usage_bytes,3,0.00888888888888889,,,,,,,,,,1.0,,,
container_memory_usage_bytes,4,0.00888888888888889,,,,,,,,,,1.0,,,
container_memory_usage_bytes,0,0.0011111111111111113,,,,,,,,,,2.0,,,
container_memory_usage_bytes,1,0.0011111111111111113,,,,,,,,,,2.0,,,
container_memory_usage_bytes,2,0.1038888888888889,,,,,,,,,,2.0,,,
container_memory_usage_bytes,3,0.8594444444444446,,,,,,,,,,2.0,,,
container_memory_usage_bytes,4,0.03444444444444445,,,,,,,,,,2.0,,,
container_memory_usage_bytes,0,0.0013698630136986301,,,,,,,,,,3.0,,,
container_memory_usage_bytes,1,0.0013698630136986301,,,,,,,,,,3.0,,,
container_memory_usage_bytes,2,0.0013698630136986301,,,,,,,,,,3.0,,,
container_memory_usage_bytes,3,0.24794520547945206,,,,,,,,,,3.0,,,
container_memory_usage_bytes,4,0.7479452054794521,,,,,,,,,,3.0,,,
container_memory_usage_bytes,0,0.0007168458781362007,,,,,,,,,,4.0,,,
container_memory_usage_bytes,1,0.0007168458781362007,,,,,,,,,,4.0,,,
container_memory_usage_bytes,2,0.0007168458781362007,,,,,,,,,,4.0,,,
container_memory_usage_bytes,3,0.0007168458781362007,,,,,,,,,,4.0,,,
container_memory_usage_bytes,4,0.9971326164874551,,,,,,,,,,4.0,,,
container_memory_rss,0,0.7999999999999998,,,,,,,,,,,0.0,,
container_memory_rss,1,0.04999999999999999,,,,,,,,,,,0.0,,
container_memory_rss,2,0.04999999999999999,,,,,,,,,,,0.0,,
container_memory_rss,3,0.04999999999999999,,,,,,,,,,,0.0,,
container_memory_rss,4,0.04999999999999999,,,,,,,,,,,0.0,,
container_memory_rss,0,0.23500000000000004,,,,,,,,,,,1.0,,
container_memory_rss,1,0.7350000000000001,,,,,,,,,,,1.0,,
container_memory_rss,2,0.010000000000000002,,,,,,,,,,,1.0,,
container_memory_rss,3,0.010000000000000002,,,,,,,,,,,1.0,,
container_memory_rss,4,0.010000000000000002,,,,,,,,,,,1.0,,
container_memory_rss,0,0.009523809523809526,,,,,,,,,,,2.0,,
container_memory_rss,1,0.009523809523809526,,,,,,,,,,,2.0,,
container_memory_rss,2,0.46190476190476193,,,,,,,,,,,2.0,,
container_memory_rss,3,0.5095238095238096,,,,,,,,,,,2.0,,
container_memory_rss,4,0.009523809523809526,,,,,,,,,,,2.0,,
container_memory_rss,0,0.0010443864229765013,,,,,,,,,,,3.0,,
container_memory_rss,1,0.0010443864229765013,,,,,,,,,,,3.0,,
container_memory_rss,2,0.0010443864229765013,,,,,,,,,,,3.0,,
container_memory_rss,3,0.3587467362924282,,,,,,,,,,,3.0,,
container_memory_rss,4,0.6381201044386423,,,,,,,,,,,3.0,,
container_memory_rss,0,0.0005076142131979696,,,,,,,,,,,4.0,,
container_memory_rss,1,0.0005076142131979696,,,,,,,,,,,4.0,,
container_memory_rss,2,0.0005076142131979696,,,,,,,,,,,4.0,,
container_memory_rss,3,0.1870558375634518,,,,,,,,,,,4.0,,
container_memory_rss,4,0.8114213197969543,,,,,,,,,,,4.0,,
container_memory_working_set_bytes,0,0.7999999999999998,,,,,,,,,,,0.0,,
container_memory_working_set_bytes,1,0.04999999999999999,,,,,,,,,,,0.0,,
container_memory_working_set_bytes,2,0.04999999999999999,,,,,,,,,,,0.0,,
container_memory_working_set_bytes,3,0.04999999999999999,,,,,,,,,,,0.0,,
container_memory_working_set_bytes,4,0.04999999999999999,,,,,,,,,,,0.0,,
container_memory_working_set_bytes,0,0.010000000000000002,,,,,,,,,,,1.0,,
container_memory_working_set_bytes,1,0.9600000000000002,,,,,,,,,,,1.0,,
container_memory_working_set_bytes,2,0.010000000000000002,,,,,,,,,,,1.0,,
container_memory_working_set_bytes,3,0.010000000000000002,,,,,,,,,,,1.0,,
container_memory_working_set_bytes,4,0.010000000000000002,,,,,,,,,,,1.0,,
container_memory_working_set_bytes,0,0.009523809523809526,,,,,,,,,,,2.0,,
container_memory_working_set_bytes,1,0.009523809523809526,,,,,,,,,,,2.0,,
container_memory_working_set_bytes,2,0.961904761904762,,,,,,,,,,,2.0,,
container_memory_working_set_bytes,3,0.009523809523809526,,,,,,,,,,,2.0,,
container_memory_working_set_bytes,4,0.009523809523809526,,,,,,,,,,,2.0,,
container_memory_working_set_bytes,0,0.0010443864229765015,,,,,,,,,,,3.0,,
container_memory_working_set_bytes,1,0.0010443864229765015,,,,,,,,,,,3.0,,
container_memory_working_set_bytes,2,0.0010443864229765015,,,,,,,,,,,3.0,,
container_memory_working_set_bytes,3,0.9958224543080941,,,,,,,,,,,3.0,,
container_memory_working_set_bytes,4,0.0010443864229765015,,,,,,,,,,,3.0,,
container_memory_working_set_bytes,0,0.0005076142131979696,,,,,,,,,,,4.0,,
container_memory_working_set_bytes,1,0.0005076142131979696,,,,,,,,,,,4.0,,
container_memory_working_set_bytes,2,0.0005076142131979696,,,,,,,,,,,4.0,,
container_memory_working_set_bytes,3,0.0005076142131979696,,,,,,,,,,,4.0,,
container_memory_working_set_bytes,4,0.9979695431472081,,,,,,,,,,,4.0,,
container_memory_max_usage_bytes,0,0.7999999999999998,,,,,,,,,,,0.0,,
container_memory_max_usage_bytes,1,0.04999999999999999,,,,,,,,,,,0.0,,
container_memory_max_usage_bytes,2,0.04999999999999999,,,,,,,,,,,0.0,,
container_memory_max_usage_bytes,3,0.04999999999999999,,,,,,,,,,,0.0,,
container_memory_max_usage_bytes,4,0.04999999999999999,,,,,,,,,,,0.0,,
container_memory_max_usage_bytes,0,0.010000000000000002,,,,,,,,,,,1.0,,
container_memory_max_usage_bytes,1,0.9600000000000002,,,,,,,,,,,1.0,,
container_memory_max_usage_bytes,2,0.010000000000000002,,,,,,,,,,,1.0,,
container_memory_max_usage_bytes,3,0.010000000000000002,,,,,,,,,,,1.0,,
container_memory_max_usage_bytes,4,0.010000000000000002,,,,,,,,,,,1.0,,
container_memory_max_usage_bytes,0,0.009523809523809526,,,,,,,,,,,2.0,,
container_memory_max_usage_bytes,1,0.009523809523809526,,,,,,,,,,,2.0,,
container_memory_max_usage_bytes,2,0.961904761904762,,,,,,,,,,,2.0,,
container_memory_max_usage_bytes,3,0.009523809523809526,,,,,,,,,,,2.0,,
container_memory_max_usage_bytes,4,0.009523809523809526,,,,,,,,,,,2.0,,
container_memory_max_usage_bytes,0,0.0010443864229765013,,,,,,,,,,,3.0,,
container_memory_max_usage_bytes,1,0.0010443864229765013,,,,,,,,,,,3.0,,
container_memory_max_usage_bytes,2,0.0036553524804177544,,,,,,,,,,,3.0,,
container_memory_max_usage_bytes,3,0.6511749347258485,,,,,,,,,,,3.0,,
container_memory_max_usage_bytes,4,0.3430809399477807,,,,,,,,,,,3.0,,
container_memory_max_usage_bytes,0,0.0005076142131979696,,,,,,,,,,,4.0,,
container_memory_max_usage_bytes,1,0.0005076142131979696,,,,,,,,,,,4.0,,
container_memory_max_usage_bytes,2,0.0005076142131979696,,,,,,,,,,,4.0,,
container_memory_max_usage_bytes,3,0.003045685279187817,,,,,,,,,,,4.0,,
container_memory_max_usage_bytes,4,0.9954314720812183,,,,,,,,,,,4.0,,
container_spec_cpu_quota,100000,0.9922418405564474,,,,,,,,,,,,1.0,
container_spec_cpu_quota,200000,0.005082932049224185,,,,,,,,,,,,1.0,
container_spec_cpu_quota,300000,0.0026752273943285187,,,,,,,,,,,,1.0,
container_spec_cpu_quota,100000,0.002624671916010499,,,,,,,,,,,,2.0,
container_spec_cpu_quota,200000,0.9923884514435697,,,,,,,,,,,,2.0,
container_spec_cpu_quota,300000,0.004986876640419948,,,,,,,,,,,,2.0,
container_spec_cpu_quota,100000,0.0026308866087871616,,,,,,,,,,,,3.0,
container_spec_cpu_quota,200000,0.0026308866087871616,,,,,,,,,,,,3.0,
container_spec_cpu_quota,300000,0.9947382267824256,,,,,,,,,,,,3.0,
cores,1,0.32936822627544277,,,,,,,,,,,,,
cores,2,0.33571239756806764,,,,,,,,,,,,,
cores,3,0.33491937615648953,,,,,,,,,,,,,
throughput,0,0.0010050251256281408,,,,,,0.0,,,,,,1.0,
throughput,1,0.008542713567839196,,,,,,0.0,,,,,,1.0,
throughput,2,0.46080402010050253,,,,,,0.0,,,,,,1.0,
throughput,3,0.061306532663316586,,,,,,0.0,,,,,,1.0,
throughput,4,0.4683417085427136,,,,,,0.0,,,,,,1.0,
throughput,0,0.0018867924528301878,,,,,,1.0,,,,,,1.0,
throughput,1,0.9783018867924524,,,,,,1.0,,,,,,1.0,
throughput,2,0.016037735849056597,,,,,,1.0,,,,,,1.0,
throughput,3,0.0018867924528301878,,,,,,1.0,,,,,,1.0,
throughput,4,0.0018867924528301878,,,,,,1.0,,,,,,1.0,
throughput,0,0.8509433962264149,,,,,,2.0,,,,,,1.0,
throughput,1,0.1433962264150943,,,,,,2.0,,,,,,1.0,
throughput,2,0.001886792452830188,,,,,,2.0,,,,,,1.0,
throughput,3,0.001886792452830188,,,,,,2.0,,,,,,1.0,
throughput,4,0.001886792452830188,,,,,,2.0,,,,,,1.0,
throughput,0,0.9924528301886789,,,,,,3.0,,,,,,1.0,
throughput,1,0.0018867924528301878,,,,,,3.0,,,,,,1.0,
throughput,2,0.0018867924528301878,,,,,,3.0,,,,,,1.0,
throughput,3,0.0018867924528301878,,,,,,3.0,,,,,,1.0,
throughput,4,0.0018867924528301878,,,,,,3.0,,,,,,1.0,
throughput,0,0.9924528301886789,,,,,,4.0,,,,,,1.0,
throughput,1,0.0018867924528301878,,,,,,4.0,,,,,,1.0,
throughput,2,0.0018867924528301878,,,,,,4.0,,,,,,1.0,
throughput,3,0.0018867924528301878,,,,,,4.0,,,,,,1.0,
throughput,4,0.0018867924528301878,,,,,,4.0,,,,,,1.0,
throughput,0,0.0009478672985781991,,,,,,0.0,,,,,,2.0,
throughput,1,0.0009478672985781991,,,,,,0.0,,,,,,2.0,
throughput,2,0.0009478672985781991,,,,,,0.0,,,,,,2.0,
throughput,3,0.0009478672985781991,,,,,,0.0,,,,,,2.0,
throughput,4,0.9962085308056872,,,,,,0.0,,,,,,2.0,
throughput,0,0.0018867924528301885,,,,,,1.0,,,,,,2.0,
throughput,1,0.0018867924528301885,,,,,,1.0,,,,,,2.0,
throughput,2,0.0018867924528301885,,,,,,1.0,,,,,,2.0,
throughput,3,0.0018867924528301885,,,,,,1.0,,,,,,2.0,
throughput,4,0.9924528301886792,,,,,,1.0,,,,,,2.0,
throughput,0,0.001886792452830188,,,,,,2.0,,,,,,2.0,
throughput,1,0.001886792452830188,,,,,,2.0,,,,,,2.0,
throughput,2,0.9075471698113206,,,,,,2.0,,,,,,2.0,
throughput,3,0.07264150943396225,,,,,,2.0,,,,,,2.0,
throughput,4,0.0160377358490566,,,,,,2.0,,,,,,2.0,
throughput,0,0.0018867924528301878,,,,,,3.0,,,,,,2.0,
throughput,1,0.9499999999999996,,,,,,3.0,,,,,,2.0,
throughput,2,0.04433962264150941,,,,,,3.0,,,,,,2.0,
throughput,3,0.0018867924528301878,,,,,,3.0,,,,,,2.0,
throughput,4,0.0018867924528301878,,,,,,3.0,,,,,,2.0,
throughput,0,0.030188679245283005,,,,,,4.0,,,,,,2.0,
throughput,1,0.9641509433962261,,,,,,4.0,,,,,,2.0,
throughput,2,0.0018867924528301878,,,,,,4.0,,,,,,2.0,
throughput,3,0.0018867924528301878,,,,,,4.0,,,,,,2.0,
throughput,4,0.0018867924528301878,,,,,,4.0,,,,,,2.0,
throughput,0,0.0009478672985781991,,,,,,0.0,,,,,,3.0,
throughput,1,0.0009478672985781991,,,,,,0.0,,,,,,3.0,
throughput,2,0.0009478672985781991,,,,,,0.0,,,,,,3.0,
throughput,3,0.0009478672985781991,,,,,,0.0,,,,,,3.0,
throughput,4,0.9962085308056872,,,,,,0.0,,,,,,3.0,
throughput,0,0.0018867924528301885,,,,,,1.0,,,,,,3.0,
throughput,1,0.0018867924528301885,,,,,,1.0,,,,,,3.0,
throughput,2,0.0018867924528301885,,,,,,1.0,,,,,,3.0,
throughput,3,0.0018867924528301885,,,,,,1.0,,,,,,3.0,
throughput,4,0.9924528301886792,,,,,,1.0,,,,,,3.0,
throughput,0,0.0018867924528301885,,,,,,2.0,,,,,,3.0,
throughput,1,0.0018867924528301885,,,,,,2.0,,,,,,3.0,
throughput,2,0.0018867924528301885,,,,,,2.0,,,,,,3.0,
throughput,3,0.016037735849056604,,,,,,2.0,,,,,,3.0,
throughput,4,0.9783018867924529,,,,,,2.0,,,,,,3.0,
throughput,0,0.001886792452830188,,,,,,3.0,,,,,,3.0,
throughput,1,0.001886792452830188,,,,,,3.0,,,,,,3.0,
throughput,2,0.03018867924528301,,,,,,3.0,,,,,,3.0,
throughput,3,0.9641509433962262,,,,,,3.0,,,,,,3.0,
throughput,4,0.001886792452830188,,,,,,3.0,,,,,,3.0,
throughput,0,0.0019138755980861238,,,,,,4.0,,,,,,3.0,
throughput,1,0.0019138755980861238,,,,,,4.0,,,,,,3.0,
throughput,2,0.9923444976076553,,,,,,4.0,,,,,,3.0,
throughput,3,0.0019138755980861238,,,,,,4.0,,,,,,3.0,
throughput,4,0.0019138755980861238,,,,,,4.0,,,,,,3.0,
data_quality,0,0.3283108643933386,,,,,,,,,,,,,
data_quality,1,0.1681205392545599,,,,,,,,,,,,,
data_quality,2,0.1681205392545599,,,,,,,,,,,,,
data_quality,3,0.1681205392545599,,,,,,,,,,,,,
data_quality,4,0.16732751784298175,,,,,,,,,,,,,
avg_p_latency,0,0.9937198067632852,,,,,,0.0,,,,,,,
avg_p_latency,1,0.0033816425120772953,,,,,,0.0,,,,,,,
avg_p_latency,2,0.0009661835748792274,,,,,,0.0,,,,,,,
avg_p_latency,3,0.0009661835748792274,,,,,,0.0,,,,,,,
avg_p_latency,4,0.0009661835748792274,,,,,,0.0,,,,,,,
avg_p_latency,0,0.006603773584905659,,,,,,1.0,,,,,,,
avg_p_latency,1,0.9877358490566037,,,,,,1.0,,,,,,,
avg_p_latency,2,0.0018867924528301885,,,,,,1.0,,,,,,,
avg_p_latency,3,0.0018867924528301885,,,,,,1.0,,,,,,,
avg_p_latency,4,0.0018867924528301885,,,,,,1.0,,,,,,,
avg_p_latency,0,0.0018867924528301885,,,,,,2.0,,,,,,,
avg_p_latency,1,0.9641509433962263,,,,,,2.0,,,,,,,
avg_p_latency,2,0.030188679245283016,,,,,,2.0,,,,,,,
avg_p_latency,3,0.0018867924528301885,,,,,,2.0,,,,,,,
avg_p_latency,4,0.0018867924528301885,,,,,,2.0,,,,,,,
avg_p_latency,0,0.0018867924528301885,,,,,,3.0,,,,,,,
avg_p_latency,1,0.0018867924528301885,,,,,,3.0,,,,,,,
avg_p_latency,2,0.921698113207547,,,,,,3.0,,,,,,,
avg_p_latency,3,0.07264150943396226,,,,,,3.0,,,,,,,
avg_p_latency,4,0.0018867924528301885,,,,,,3.0,,,,,,,
avg_p_latency,0,0.0018957345971563982,,,,,,4.0,,,,,,,
avg_p_latency,1,0.0018957345971563982,,,,,,4.0,,,,,,,
avg_p_latency,2,0.0018957345971563982,,,,,,4.0,,,,,,,
avg_p_latency,3,0.9781990521327014,,,,,,4.0,,,,,,,
avg_p_latency,4,0.016113744075829384,,,,,,4.0,,,,,,,
container_memory_cache,0,0.5,,,,,,,,,,,,,0.0
container_memory_cache,4,0.5,,,,,,,,,,,,,0.0
container_memory_cache,0,0.006009615384615384,,,,,,,,,,,,,2.0
container_memory_cache,4,0.9939903846153846,,,,,,,,,,,,,2.0
container_memory_cache,0,0.001707067258449983,,,,,,,,,,,,,4.0
container_memory_cache,4,0.9982929327415501,,,,,,,,,,,,,4.0
