metric,labels,timestamp,value
"python_gc_collections_total","generation=0;instance=linked-service-2:8000;job=iot_service","2025-10-31T10:16:09Z","2.684518716128924"
"python_gc_collections_total","generation=0;instance=linked-service-2:8000;job=iot_service","2025-10-31T10:16:24Z","2.7013876071746172"
"python_gc_collections_total","generation=0;instance=linked-service-2:8000;job=iot_service","2025-10-31T10:16:39Z","2.701342281879194"
"python_gc_collections_total","generation=0;instance=linked-service-2:8000;job=iot_service","2025-10-31T10:16:54Z","2.718120805369127"
"python_gc_collections_total","generation=0;instance=linked-service-2:8000;job=iot_service","2025-10-31T10:17:09Z","2.701387607174617"
"python_gc_collections_total","generation=0;instance=linked-service-2:8000;job=iot_service","2025-10-31T10:17:24Z","2.701342281879194"
"python_gc_collections_total","generation=0;instance=linked-service-2:8000;job=iot_service","2025-10-31T10:17:39Z","2.73489932885906"
"python_gc_collections_total","generation=0;instance=linked-service-2:8000;job=iot_service","2025-10-31T10:17:54Z","2.6509177544377707"
"python_gc_collections_total","generation=0;instance=linked-service-2:8000;job=iot_service","2025-10-31T10:18:09Z","2.6510956743514886"
"python_gc_collections_total","generation=0;instance=linked-service-2:8000;job=iot_service","2025-10-31T10:18:24Z","2.718120805369127"
"python_gc_collections_total","generation=0;instance=linked-service-2:8000;job=iot_service","2025-10-31T10:18:39Z","2.6510067114093956"
"python_gc_collections_total","generation=0;instance=linked-service-2:8000;job=iot_service","2025-10-31T10:18:54Z","2.7516778523489926"
"python_gc_collections_total","generation=0;instance=linked-service-2:8000;job=iot_service","2025-10-31T10:19:09Z","2.701432933991074"
"python_gc_collections_total","generation=0;instance=linked-service-2:8000;job=iot_service","2025-10-31T10:19:24Z","2.7349911070841304"
"python_gc_collections_total","generation=0;instance=linked-service-2:8000;job=iot_service","2025-10-31T10:19:39Z","2.7517240222151376"
"python_gc_collections_total","generation=0;instance=linked-service-2:8000;job=iot_service","2025-10-31T10:19:54Z","2.751724022215138"
"python_gc_collections_total","generation=0;instance=linked-service-2:8000;job=iot_service","2025-10-31T10:20:09Z","2.7685028272286445"
"python_gc_collections_total","generation=0;instance=linked-service-2:8000;job=iot_service","2025-10-31T10:20:24Z","2.7180752000805355"
"python_gc_collections_total","generation=0;instance=linked-service-2:8000;job=iot_service","2025-10-31T10:20:39Z","2.751770193630659"
"python_gc_collections_total","generation=0;instance=linked-service-2:8000;job=iot_service","2025-10-31T10:20:54Z","2.7180752000805355"
"python_gc_collections_total","generation=0;instance=linked-service-2:8000;job=iot_service","2025-10-31T10:21:09Z","2.7015689235674127"
"python_gc_collections_total","generation=0;instance=linked-service-2:8000;job=iot_service","2025-10-31T10:21:24Z","2.684653847444545"
"python_gc_collections_total","generation=0;instance=linked-service-2:8000;job=iot_service","2025-10-31T10:21:39Z","2.7013876071746172"
"python_gc_collections_total","generation=0;instance=linked-service-2:8000;job=iot_service","2025-10-31T10:21:54Z","2.7180752000805355"
"python_gc_collections_total","generation=0;instance=linked-service-2:8000;job=iot_service","2025-10-31T10:22:09Z","2.6341839902015067"
"python_gc_collections_total","generation=0;instance=linked-service-2:8000;job=iot_service","2025-10-31T10:22:24Z","2.6677404741531183"
"python_gc_collections_total","generation=0;instance=linked-service-2:8000;job=iot_service","2025-10-31T10:22:39Z","2.6677404741531183"
"python_gc_collections_total","generation=0;instance=linked-service-2:8000;job=iot_service","2025-10-31T10:22:54Z","2.6677852348993283"
"python_gc_collections_total","generation=0;instance=linked-service-2:8000;job=iot_service","2025-10-31T10:23:09Z","2.7181664121881237"
"python_gc_collections_total","generation=0;instance=linked-service-2:8000;job=iot_service","2025-10-31T10:23:24Z","2.7516778523489926"
"python_gc_collections_total","generation=0;instance=linked-service-2:8000;job=iot_service","2025-10-31T10:23:39Z","2.68460880216111"
"python_gc_collections_total","generation=0;instance=linked-service-2:8000;job=iot_service","2025-10-31T10:23:54Z","2.73489932885906"
"python_gc_collections_total","generation=0;instance=linked-service-2:8000;job=iot_service","2025-10-31T10:24:09Z","2.73489932885906"
"python_gc_collections_total","generation=0;instance=linked-service-2:8000;job=iot_service","2025-10-31T10:24:24Z","2.7349452172016306"
"python_gc_collections_total","generation=0;instance=linked-service-2:8000;job=iot_service","2025-10-31T10:24:39Z","2.751631684032147"
"python_gc_collections_total","generation=0;instance=linked-service-2:8000;job=iot_service","2025-10-31T10:24:54Z","2.7180752000805355"
"python_gc_collections_total","generation=0;instance=linked-service-2:8000;job=iot_service","2025-10-31T10:25:09Z","2.751724022215138"
"python_gc_collections_total","generation=0;instance=linked-service-2:8000;job=iot_service","2025-10-31T10:25:24Z","2.701342281879194"
"python_gc_collections_total","generation=0;instance=linked-service-2:8000;job=iot_service","2025-10-31T10:25:39Z","2.701342281879194"
"python_gc_collections_total","generation=0;instance=linked-service-2:8000;job=iot_service","2025-10-31T10:25:54Z","2.701342281879194"
"python_gc_collections_total","generation=0;instance=linked-service-2:8000;job=iot_service","2025-10-31T10:26:09Z","2.684518716128924"
"python_gc_collections_total","generation=0;instance=linked-service-2:8000;job=iot_service","2025-10-31T10:26:24Z","2.6677852348993283"
"python_gc_collections_total","generation=0;instance=linked-service-2:8000;job=iot_service","2025-10-31T10:26:39Z","2.6677404741531183"
"python_gc_collections_total","generation=0;instance=linked-service-2:8000;job=iot_service","2025-10-31T10:26:54Z","2.73489932885906"
"python_gc_collections_total","generation=0;instance=linked-service-2:8000;job=iot_service","2025-10-31T10:27:09Z","2.751631684032147"
"python_gc_collections_total","generation=0;instance=linked-service-2:8000;job=iot_service","2025-10-31T10:27:24Z","2.802013422818791"
"python_gc_collections_total","generation=0;instance=linked-service-2:8000;job=iot_service","2025-10-31T10:27:39Z","2.8018723889737096"
"python_gc_collections_total","generation=0;instance=linked-service-2:8000;job=iot_service","2025-10-31T10:27:54Z","2.7181208053691277"
"python_gc_collections_total","generation=0;instance=linked-service-2:8000;job=iot_service","2025-10-31T10:28:09Z","2.7350828914692262"
"python_gc_collections_total","generation=0;instance=linked-service-2:8000;job=iot_service","2025-10-31T10:28:24Z","2.718257630417638"
"python_gc_collections_total","generation=0;instance=linked-service-2:8000;job=iot_service","2025-10-31T10:28:39Z","2.73489932885906"
"python_gc_collections_total","generation=0;instance=linked-service-2:8000;job=iot_service","2025-10-31T10:28:54Z","2.6845637583892614"
"python_gc_collections_total","generation=0;instance=linked-service-2:8000;job=iot_service","2025-10-31T10:29:09Z","2.701115678214915"
"python_gc_collections_total","generation=0;instance=linked-service-2:8000;job=iot_service","2025-10-31T10:29:24Z","2.7179839940942574"
"python_gc_collections_total","generation=0;instance=linked-service-2:8000;job=iot_service","2025-10-31T10:29:39Z","2.6842034626224667"
"python_gc_collections_total","generation=0;instance=linked-service-2:8000;job=iot_service","2025-10-31T10:29:54Z","2.7344864030599405"
"python_gc_collections_total","generation=0;instance=linked-service-2:8000;job=iot_service","2025-10-31T10:30:09Z","2.7003002197138684"
"python_gc_collections_total","generation=0;instance=linked-service-2:8000;job=iot_service","2025-10-31T10:30:24Z","2.717117842407165"
"python_gc_collections_total","generation=0;instance=linked-service-2:8000;job=iot_service","2025-10-31T10:30:39Z","2.750939345142244"
"python_gc_collections_total","generation=0;instance=linked-service-2:8000;job=iot_service","2025-10-31T10:30:54Z","2.7341653247450353"
"python_gc_collections_total","generation=0;instance=linked-service-2:8000;job=iot_service","2025-10-31T10:31:09Z","2.7683634777356465"
"python_gc_collections_total","generation=1;instance=linked-service-2:8000;job=iot_service","2025-10-31T10:16:09Z","0.2516736296370866"
"python_gc_collections_total","generation=1;instance=linked-service-2:8000;job=iot_service","2025-10-31T10:16:24Z","0.2516820752026041"
"python_gc_collections_total","generation=1;instance=linked-service-2:8000;job=iot_service","2025-10-31T10:16:39Z","0.25167785234899326"
"python_gc_collections_total","generation=1;instance=linked-service-2:8000;job=iot_service","2025-10-31T10:16:54Z","0.23489932885906034"
"python_gc_collections_total","generation=1;instance=linked-service-2:8000;job=iot_service","2025-10-31T10:17:09Z","0.25168207520260405"
"python_gc_collections_total","generation=1;instance=linked-service-2:8000;job=iot_service","2025-10-31T10:17:24Z","0.25167785234899326"
"python_gc_collections_total","generation=1;instance=linked-service-2:8000;job=iot_service","2025-10-31T10:17:39Z","0.23489932885906034"
"python_gc_collections_total","generation=1;instance=linked-service-2:8000;job=iot_service","2025-10-31T10:17:54Z","0.25166940706687696"
"python_gc_collections_total","generation=1;instance=linked-service-2:8000;job=iot_service","2025-10-31T10:18:09Z","0.2516862981979261"
"python_gc_collections_total","generation=1;instance=linked-service-2:8000;job=iot_service","2025-10-31T10:18:24Z","0.23489932885906034"
"python_gc_collections_total","generation=1;instance=linked-service-2:8000;job=iot_service","2025-10-31T10:18:39Z","0.23489932885906034"
"python_gc_collections_total","generation=1;instance=linked-service-2:8000;job=iot_service","2025-10-31T10:18:54Z","0.25167785234899326"
"python_gc_collections_total","generation=1;instance=linked-service-2:8000;job=iot_service","2025-10-31T10:19:09Z","0.2516862981979261"
"python_gc_collections_total","generation=1;instance=linked-service-2:8000;job=iot_service","2025-10-31T10:19:24Z","0.2516862981979261"
"python_gc_collections_total","generation=1;instance=linked-service-2:8000;job=iot_service","2025-10-31T10:19:39Z","0.25168207520260405"
"python_gc_collections_total","generation=1;instance=linked-service-2:8000;job=iot_service","2025-10-31T10:19:54Z","0.2516820752026041"
"python_gc_collections_total","generation=1;instance=linked-service-2:8000;job=iot_service","2025-10-31T10:20:09Z","0.2349032701890971"
"python_gc_collections_total","generation=1;instance=linked-service-2:8000;job=iot_service","2025-10-31T10:20:24Z","0.2516736296370866"
"python_gc_collections_total","generation=1;instance=linked-service-2:8000;job=iot_service","2025-10-31T10:20:39Z","0.2516862981979261"
"python_gc_collections_total","generation=1;instance=linked-service-2:8000;job=iot_service","2025-10-31T10:20:54Z","0.23489538766128087"
"python_gc_collections_total","generation=1;instance=linked-service-2:8000;job=iot_service","2025-10-31T10:21:09Z","0.25169896803423103"
"python_gc_collections_total","generation=1;instance=linked-service-2:8000;job=iot_service","2025-10-31T10:21:24Z","0.2516862981979261"
"python_gc_collections_total","generation=1;instance=linked-service-2:8000;job=iot_service","2025-10-31T10:21:39Z","0.2516820752026041"
"python_gc_collections_total","generation=1;instance=linked-service-2:8000;job=iot_service","2025-10-31T10:21:54Z","0.23489538766128087"
"python_gc_collections_total","generation=1;instance=linked-service-2:8000;job=iot_service","2025-10-31T10:22:09Z","0.2516736296370866"
"python_gc_collections_total","generation=1;instance=linked-service-2:8000;job=iot_service","2025-10-31T10:22:24Z","0.23489538766128087"
"python_gc_collections_total","generation=1;instance=linked-service-2:8000;job=iot_service","2025-10-31T10:22:39Z","0.23489538766128087"
"python_gc_collections_total","generation=1;instance=linked-service-2:8000;job=iot_service","2025-10-31T10:22:54Z","0.23489932885906034"
"python_gc_collections_total","generation=1;instance=linked-service-2:8000;job=iot_service","2025-10-31T10:23:09Z","0.25168207520260405"
"python_gc_collections_total","generation=1;instance=linked-service-2:8000;job=iot_service","2025-10-31T10:23:24Z","0.25167785234899326"
"python_gc_collections_total","generation=1;instance=linked-service-2:8000;job=iot_service","2025-10-31T10:23:39Z","0.25168207520260405"
"python_gc_collections_total","generation=1;instance=linked-service-2:8000;job=iot_service","2025-10-31T10:23:54Z","0.25167785234899326"
"python_gc_collections_total","generation=1;instance=linked-service-2:8000;job=iot_service","2025-10-31T10:24:09Z","0.23489932885906034"
"python_gc_collections_total","generation=1;instance=linked-service-2:8000;job=iot_service","2025-10-31T10:24:24Z","0.25168207520260405"
"python_gc_collections_total","generation=1;instance=linked-service-2:8000;job=iot_service","2025-10-31T10:24:39Z","0.2516736296370866"
"python_gc_collections_total","generation=1;instance=linked-service-2:8000;job=iot_service","2025-10-31T10:24:54Z","0.23489538766128087"
"python_gc_collections_total","generation=1;instance=linked-service-2:8000;job=iot_service","2025-10-31T10:25:09Z","0.2516820752026041"
"python_gc_collections_total","generation=1;instance=linked-service-2:8000;job=iot_service","2025-10-31T10:25:24Z","0.25167785234899326"
"python_gc_collections_total","generation=1;instance=linked-service-2:8000;job=iot_service","2025-10-31T10:25:39Z","0.25167785234899326"
"python_gc_collections_total","generation=1;instance=linked-service-2:8000;job=iot_service","2025-10-31T10:25:54Z","0.23489932885906034"
"python_gc_collections_total","generation=1;instance=linked-service-2:8000;job=iot_service","2025-10-31T10:26:09Z","0.2516736296370866"
"python_gc_collections_total","generation=1;instance=linked-service-2:8000;job=iot_service","2025-10-31T10:26:24Z","0.25167785234899326"
"python_gc_collections_total","generation=1;instance=linked-service-2:8000;job=iot_service","2025-10-31T10:26:39Z","0.23489538766128087"
"python_gc_collections_total","generation=1;instance=linked-service-2:8000;job=iot_service","2025-10-31T10:26:54Z","0.23489932885906034"
"python_gc_collections_total","generation=1;instance=linked-service-2:8000;job=iot_service","2025-10-31T10:27:09Z","0.2516736296370866"
"python_gc_collections_total","generation=1;instance=linked-service-2:8000;job=iot_service","2025-10-31T10:27:24Z","0.25167785234899326"
"python_gc_collections_total","generation=1;instance=linked-service-2:8000;job=iot_service","2025-10-31T10:27:39Z","0.26844286361424763"
"python_gc_collections_total","generation=1;instance=linked-service-2:8000;job=iot_service","2025-10-31T10:27:54Z","0.2516778523489933"
"python_gc_collections_total","generation=1;instance=linked-service-2:8000;job=iot_service","2025-10-31T10:28:09Z","0.2516947446137325"
"python_gc_collections_total","generation=1;instance=linked-service-2:8000;job=iot_service","2025-10-31T10:28:24Z","0.2516905213349665"
"python_gc_collections_total","generation=1;instance=linked-service-2:8000;job=iot_service","2025-10-31T10:28:39Z","0.23489932885906034"
"python_gc_collections_total","generation=1;instance=linked-service-2:8000;job=iot_service","2025-10-31T10:28:54Z","0.25167785234899326"
"python_gc_collections_total","generation=1;instance=linked-service-2:8000;job=iot_service","2025-10-31T10:29:09Z","0.25165674020635853"
"python_gc_collections_total","generation=1;instance=linked-service-2:8000;job=iot_service","2025-10-31T10:29:24Z","0.2348875056624667"
"python_gc_collections_total","generation=1;instance=linked-service-2:8000;job=iot_service","2025-10-31T10:29:39Z","0.2348678029794658"
"python_gc_collections_total","generation=1;instance=linked-service-2:8000;job=iot_service","2025-10-31T10:29:54Z","0.25163985304232583"
"python_gc_collections_total","generation=1;instance=linked-service-2:8000;job=iot_service","2025-10-31T10:30:09Z","0.2515807658118511"
"python_gc_collections_total","generation=1;instance=linked-service-2:8000;job=iot_service","2025-10-31T10:30:24Z","0.25158498540807084"
"python_gc_collections_total","generation=1;instance=linked-service-2:8000;job=iot_service","2025-10-31T10:30:39Z","0.25161030595813205"
"python_gc_collections_total","generation=1;instance=linked-service-2:8000;job=iot_service","2025-10-31T10:30:54Z","0.23483628556092326"
"python_gc_collections_total","generation=1;instance=linked-service-2:8000;job=iot_service","2025-10-31T10:31:09Z","0.2348914465957518"
"python_gc_collections_total","generation=2;instance=linked-service-2:8000;job=iot_service","2025-10-31T10:16:09Z","0.03355648395161155"
"python_gc_collections_total","generation=2;instance=linked-service-2:8000;job=iot_service","2025-10-31T10:16:24Z","0.01677880501350694"
"python_gc_collections_total","generation=2;instance=linked-service-2:8000;job=iot_service","2025-10-31T10:16:39Z","0.016778523489932883"
"python_gc_collections_total","generation=2;instance=linked-service-2:8000;job=iot_service","2025-10-31T10:16:54Z","0.016778523489932883"
"python_gc_collections_total","generation=2;instance=linked-service-2:8000;job=iot_service","2025-10-31T10:17:09Z","0.016778805013506936"
"python_gc_collections_total","generation=2;instance=linked-service-2:8000;job=iot_service","2025-10-31T10:17:24Z","0.016778523489932883"
"python_gc_collections_total","generation=2;instance=linked-service-2:8000;job=iot_service","2025-10-31T10:17:39Z","0"
"python_gc_collections_total","generation=2;instance=linked-service-2:8000;job=iot_service","2025-10-31T10:17:54Z","0.01677796047112513"
"python_gc_collections_total","generation=2;instance=linked-service-2:8000;job=iot_service","2025-10-31T10:18:09Z","0.016779086546528408"
"python_gc_collections_total","generation=2;instance=linked-service-2:8000;job=iot_service","2025-10-31T10:18:24Z","0.016778523489932883"
"python_gc_collections_total","generation=2;instance=linked-service-2:8000;job=iot_service","2025-10-31T10:18:39Z","0.033557046979865765"
"python_gc_collections_total","generation=2;instance=linked-service-2:8000;job=iot_service","2025-10-31T10:18:54Z","0.016778523489932883"
"python_gc_collections_total","generation=2;instance=linked-service-2:8000;job=iot_service","2025-10-31T10:19:09Z","0.016779086546528408"
"python_gc_collections_total","generation=2;instance=linked-service-2:8000;job=iot_service","2025-10-31T10:19:24Z","0.033558173093056816"
"python_gc_collections_total","generation=2;instance=linked-service-2:8000;job=iot_service","2025-10-31T10:19:39Z","0.016778805013506936"
"python_gc_collections_total","generation=2;instance=linked-service-2:8000;job=iot_service","2025-10-31T10:19:54Z","0.01677880501350694"
"python_gc_collections_total","generation=2;instance=linked-service-2:8000;job=iot_service","2025-10-31T10:20:09Z","0.016778805013506936"
"python_gc_collections_total","generation=2;instance=linked-service-2:8000;job=iot_service","2025-10-31T10:20:24Z","0"
"python_gc_collections_total","generation=2;instance=linked-service-2:8000;job=iot_service","2025-10-31T10:20:39Z","0.016779086546528408"
"python_gc_collections_total","generation=2;instance=linked-service-2:8000;job=iot_service","2025-10-31T10:20:54Z","0.016778241975805776"
"python_gc_collections_total","generation=2;instance=linked-service-2:8000;job=iot_service","2025-10-31T10:21:09Z","0.016779931202282067"
"python_gc_collections_total","generation=2;instance=linked-service-2:8000;job=iot_service","2025-10-31T10:21:24Z","0.033558173093056816"
"python_gc_collections_total","generation=2;instance=linked-service-2:8000;job=iot_service","2025-10-31T10:21:39Z","0.01677880501350694"
"python_gc_collections_total","generation=2;instance=linked-service-2:8000;job=iot_service","2025-10-31T10:21:54Z","0.016778241975805776"
"python_gc_collections_total","generation=2;instance=linked-service-2:8000;job=iot_service","2025-10-31T10:22:09Z","0.03355648395161155"
"python_gc_collections_total","generation=2;instance=linked-service-2:8000;job=iot_service","2025-10-31T10:22:24Z","0.016778241975805776"
"python_gc_collections_total","generation=2;instance=linked-service-2:8000;job=iot_service","2025-10-31T10:22:39Z","0.016778241975805776"
"python_gc_collections_total","generation=2;instance=linked-service-2:8000;job=iot_service","2025-10-31T10:22:54Z","0.016778523489932883"
"python_gc_collections_total","generation=2;instance=linked-service-2:8000;job=iot_service","2025-10-31T10:23:09Z","0"
"python_gc_collections_total","generation=2;instance=linked-service-2:8000;job=iot_service","2025-10-31T10:23:24Z","0.016778523489932883"
"python_gc_collections_total","generation=2;instance=linked-service-2:8000;job=iot_service","2025-10-31T10:23:39Z","0.016778805013506936"
"python_gc_collections_total","generation=2;instance=linked-service-2:8000;job=iot_service","2025-10-31T10:23:54Z","0.016778523489932883"
"python_gc_collections_total","generation=2;instance=linked-service-2:8000;job=iot_service","2025-10-31T10:24:09Z","0.033557046979865765"
"python_gc_collections_total","generation=2;instance=linked-service-2:8000;job=iot_service","2025-10-31T10:24:24Z","0.016778805013506936"
"python_gc_collections_total","generation=2;instance=linked-service-2:8000;job=iot_service","2025-10-31T10:24:39Z","0.016778241975805776"
"python_gc_collections_total","generation=2;instance=linked-service-2:8000;job=iot_service","2025-10-31T10:24:54Z","0.016778241975805776"
"python_gc_collections_total","generation=2;instance=linked-service-2:8000;job=iot_service","2025-10-31T10:25:09Z","0.01677880501350694"
"python_gc_collections_total","generation=2;instance=linked-service-2:8000;job=iot_service","2025-10-31T10:25:24Z","0.016778523489932883"
"python_gc_collections_total","generation=2;instance=linked-service-2:8000;job=iot_service","2025-10-31T10:25:39Z","0.016778523489932883"
"python_gc_collections_total","generation=2;instance=linked-service-2:8000;job=iot_service","2025-10-31T10:25:54Z","0.033557046979865765"
"python_gc_collections_total","generation=2;instance=linked-service-2:8000;job=iot_service","2025-10-31T10:26:09Z","0.016778241975805776"
"python_gc_collections_total","generation=2;instance=linked-service-2:8000;job=iot_service","2025-10-31T10:26:24Z","0.016778523489932883"
"python_gc_collections_total","generation=2;instance=linked-service-2:8000;job=iot_service","2025-10-31T10:26:39Z","0.03355648395161155"
"python_gc_collections_total","generation=2;instance=linked-service-2:8000;job=iot_service","2025-10-31T10:26:54Z","0.016778523489932883"
"python_gc_collections_total","generation=2;instance=linked-service-2:8000;job=iot_service","2025-10-31T10:27:09Z","0.016778241975805776"
"python_gc_collections_total","generation=2;instance=linked-service-2:8000;job=iot_service","2025-10-31T10:27:24Z","0.033557046979865765"
"python_gc_collections_total","generation=2;instance=linked-service-2:8000;job=iot_service","2025-10-31T10:27:39Z","0.016777678975890477"
"python_gc_collections_total","generation=2;instance=linked-service-2:8000;job=iot_service","2025-10-31T10:27:54Z","0.016778523489932886"
"python_gc_collections_total","generation=2;instance=linked-service-2:8000;job=iot_service","2025-10-31T10:28:09Z","0.033559299281831"
"python_gc_collections_total","generation=2;instance=linked-service-2:8000;job=iot_service","2025-10-31T10:28:24Z","0.016779368088997767"
"python_gc_collections_total","generation=2;instance=linked-service-2:8000;job=iot_service","2025-10-31T10:28:39Z","0.016778523489932883"
"python_gc_collections_total","generation=2;instance=linked-service-2:8000;job=iot_service","2025-10-31T10:28:54Z","0.033557046979865765"
"python_gc_collections_total","generation=2;instance=linked-service-2:8000;job=iot_service","2025-10-31T10:29:09Z","0.016777116013757237"
"python_gc_collections_total","generation=2;instance=linked-service-2:8000;job=iot_service","2025-10-31T10:29:24Z","0.016777678975890477"
"python_gc_collections_total","generation=2;instance=linked-service-2:8000;job=iot_service","2025-10-31T10:29:39Z","0.03355254328278083"
"python_gc_collections_total","generation=2;instance=linked-service-2:8000;job=iot_service","2025-10-31T10:29:54Z","0.016775990202821722"
"python_gc_collections_total","generation=2;instance=linked-service-2:8000;job=iot_service","2025-10-31T10:30:09Z","0.016772051054123407"
"python_gc_collections_total","generation=2;instance=linked-service-2:8000;job=iot_service","2025-10-31T10:30:24Z","0.03354466472107611"
"python_gc_collections_total","generation=2;instance=linked-service-2:8000;job=iot_service","2025-10-31T10:30:39Z","0.016774020397208805"
"python_gc_collections_total","generation=2;instance=linked-service-2:8000;job=iot_service","2025-10-31T10:30:54Z","0.016774020397208805"
"python_gc_collections_total","generation=2;instance=linked-service-2:8000;job=iot_service","2025-10-31T10:31:09Z","0.01677796047112513"
