target,K,fs,disc,score,accuracy,mean_prob_true,persistence_accuracy,majority_accuracy,majority_class,n_features_including_target,features,time_sec,model_pkl_path,edges_csv_path,exclude_other_throughputs,error
throughput_1,3,markov,classic_uniform,bic,,,,,,,,4.705743375,,,False,index 3 is out of bounds for axis 0 with size 3
throughput_1,3,markov,classic_uniform,aic,,,,,,,,4.286848584,,,False,index 3 is out of bounds for axis 0 with size 3
throughput_1,3,markov,classic_quantile,bic,0.9319319319319319,0.49367910497619716,0.998998998998999,0.0,2.0,4.0,"['process_resident_memory_bytes_1', 'buffer_size_2', 'data_quality_1', 'throughput_1']",4.872984582999999,,,False,
throughput_1,3,markov,classic_quantile,aic,0.908908908908909,0.5661456977986873,0.998998998998999,0.0,2.0,4.0,"['python_gc_objects_collected_total_6', 'data_quality_1', 'buffer_size_3', 'throughput_1']",4.582170833999999,,,False,
throughput_1,3,markov,kmeans,bic,0.6386386386386387,0.44154969131556093,0.998998998998999,0.908908908908909,0.0,4.0,"['process_resident_memory_bytes_1', 'buffer_size_2', 'data_quality_1', 'throughput_1']",5.251230666000001,,,False,
throughput_1,3,markov,kmeans,aic,0.2772772772772773,0.45682432320167793,0.998998998998999,0.908908908908909,0.0,4.0,"['python_gc_objects_collected_total_6', 'data_quality_1', 'buffer_size_3', 'throughput_1']",4.537967375000001,,,False,
throughput_1,3,markov,dbscan,bic,0.4774774774774775,0.1680491460569029,0.4864864864864865,0.09109109109109109,43.0,4.0,"['process_resident_memory_bytes_1', 'buffer_size_2', 'data_quality_1', 'throughput_1']",4.932368834000002,,,False,
throughput_1,3,markov,dbscan,aic,0.4774774774774775,0.08414278380161738,0.4864864864864865,0.09109109109109109,43.0,4.0,"['python_gc_objects_collected_total_6', 'data_quality_1', 'buffer_size_3', 'throughput_1']",4.500258208999995,,,False,
throughput_1,3,mrmr,classic_uniform,bic,,,,,,,,1.9244835410000007,,,False,index 3 is out of bounds for axis 0 with size 3
throughput_1,3,mrmr,classic_uniform,aic,,,,,,,,1.8328717500000025,,,False,index 3 is out of bounds for axis 0 with size 3
throughput_1,3,mrmr,classic_quantile,bic,0.998998998998999,0.42676705983522434,0.998998998998999,0.0,2.0,4.0,"['avg_p_latency_1', 'python_gc_objects_collected_total_4', 'buffer_size_2', 'throughput_1']",1.8815403330000038,,,False,
throughput_1,3,mrmr,classic_quantile,aic,0.998998998998999,0.4251541948389879,0.998998998998999,0.0,2.0,4.0,"['avg_p_latency_1', 'python_gc_objects_collected_total_4', 'buffer_size_2', 'throughput_1']",1.9785600000000017,,,False,
throughput_1,3,mrmr,kmeans,bic,0.998998998998999,0.7896697708052801,0.998998998998999,0.908908908908909,0.0,4.0,"['avg_p_latency_1', 'python_gc_objects_collected_total_4', 'buffer_size_2', 'throughput_1']",1.9150978750000007,,,False,
throughput_1,3,mrmr,kmeans,aic,0.2772772772772773,0.4567832671180079,0.998998998998999,0.908908908908909,0.0,4.0,"['avg_p_latency_1', 'python_gc_objects_collected_total_4', 'buffer_size_2', 'throughput_1']",2.008213916999999,,,False,
throughput_1,3,mrmr,dbscan,bic,0.48348348348348347,0.4317792052930994,0.4864864864864865,0.09109109109109109,43.0,4.0,"['avg_p_latency_1', 'python_gc_objects_collected_total_4', 'buffer_size_2', 'throughput_1']",1.914236791999997,,,False,
throughput_1,3,mrmr,dbscan,aic,0.48348348348348347,0.4317792052930993,0.4864864864864865,0.09109109109109109,43.0,4.0,"['avg_p_latency_1', 'python_gc_objects_collected_total_4', 'buffer_size_2', 'throughput_1']",1.9066995420000055,,,False,
throughput_1,3,pca,classic_uniform,bic,,,,,,,,0.22057616599999363,,,False,1
throughput_1,3,pca,classic_uniform,aic,,,,,,,,0.20577037500000017,,,False,1
throughput_1,3,pca,classic_quantile,bic,0.09009009009009009,0.1493778339973572,0.998998998998999,0.0,2.0,4.0,"['pca_1', 'pca_2', 'pca_3', 'throughput_1']",0.4683214159999949,,,False,
throughput_1,3,pca,classic_quantile,aic,0.016016016016016016,0.06551008382426149,0.998998998998999,0.0,2.0,4.0,"['pca_1', 'pca_2', 'pca_3', 'throughput_1']",0.5050752080000009,,,False,
throughput_1,3,pca,kmeans,bic,0.1881881881881882,0.18708484327936803,0.998998998998999,0.908908908908909,0.0,4.0,"['pca_1', 'pca_2', 'pca_3', 'throughput_1']",0.42381808300000046,,,False,
throughput_1,3,pca,kmeans,aic,0.1871871871871872,0.12542302089011845,0.998998998998999,0.908908908908909,0.0,4.0,"['pca_1', 'pca_2', 'pca_3', 'throughput_1']",0.419414291999999,,,False,
throughput_1,3,pca,dbscan,bic,,,,,,,,0.08500212499999549,,,False,The node throughput_1_t1 is not in the digraph.
throughput_1,3,pca,dbscan,aic,0.12612612612612611,0.03393559095080276,0.4864864864864865,0.09109109109109109,43.0,4.0,"['pca_1', 'pca_2', 'pca_3', 'throughput_1']",0.9289786249999992,,,False,
throughput_1,8,markov,classic_uniform,bic,,,,,,,,5.863515540999991,,,False,index 3 is out of bounds for axis 0 with size 3
throughput_1,8,markov,classic_uniform,aic,,,,,,,,5.369630459000007,,,False,index 3 is out of bounds for axis 0 with size 3
throughput_1,8,markov,classic_quantile,bic,0.908908908908909,0.47872650665424615,0.998998998998999,0.0,2.0,9.0,"['buffer_size_2', 'data_quality_3', 'process_resident_memory_bytes_1', 'throughput_3', 'python_gc_objects_collected_total_7', 'data_quality_1', 'buffer_size_3', 'avg_p_latency_1', 'throughput_1']",5.7925488340000015,,,False,
throughput_1,8,markov,classic_quantile,aic,0.998998998998999,0.6812298410885976,0.998998998998999,0.0,2.0,8.0,"['python_gc_objects_collected_total_6', 'data_quality_3', 'python_gc_objects_collected_total_7', 'data_quality_2', 'data_quality_1', 'buffer_size_3', 'avg_p_latency_1', 'throughput_1']",5.376537166999995,,,False,
throughput_1,8,markov,kmeans,bic,0.5495495495495496,0.5124864242731006,0.998998998998999,0.908908908908909,0.0,9.0,"['buffer_size_2', 'data_quality_3', 'process_resident_memory_bytes_1', 'throughput_3', 'python_gc_objects_collected_total_7', 'data_quality_1', 'buffer_size_3', 'avg_p_latency_1', 'throughput_1']",6.092474459000002,,,False,
throughput_1,8,markov,kmeans,aic,0.908908908908909,0.5321082454836146,0.998998998998999,0.908908908908909,0.0,9.0,"['cores_3', 'python_gc_objects_collected_total_6', 'data_quality_3', 'python_gc_objects_collected_total_7', 'data_quality_2', 'data_quality_1', 'buffer_size_3', 'avg_p_latency_1', 'throughput_1']",5.6550862499999965,,,False,
throughput_1,8,markov,dbscan,bic,0.4774774774774775,0.3904297307960785,0.4864864864864865,0.09109109109109109,43.0,9.0,"['buffer_size_2', 'data_quality_3', 'process_resident_memory_bytes_1', 'throughput_3', 'python_gc_objects_collected_total_7', 'data_quality_1', 'buffer_size_3', 'avg_p_latency_1', 'throughput_1']",5.643340125000009,,,False,
throughput_1,8,markov,dbscan,aic,0.4774774774774775,0.3904297307960785,0.4864864864864865,0.09109109109109109,43.0,9.0,"['cores_3', 'python_gc_objects_collected_total_6', 'data_quality_3', 'python_gc_objects_collected_total_7', 'data_quality_2', 'data_quality_1', 'buffer_size_3', 'avg_p_latency_1', 'throughput_1']",5.446941999999993,,,False,
throughput_1,8,mrmr,classic_uniform,bic,,,,,,,,11.464752208000007,,,False,index 3 is out of bounds for axis 0 with size 3
throughput_1,8,mrmr,classic_uniform,aic,,,,,,,,11.50048358299999,,,False,index 3 is out of bounds for axis 0 with size 3
throughput_1,8,mrmr,classic_quantile,bic,0.998998998998999,0.3908916593754839,0.998998998998999,0.0,2.0,9.0,"['avg_p_latency_1', 'python_gc_objects_collected_total_4', 'buffer_size_2', 'data_quality_1', 'process_virtual_memory_bytes_1', 'python_gc_objects_collected_total_2', 'throughput_2', 'data_quality_2', 'throughput_1']",11.703680875000003,,,False,
throughput_1,8,mrmr,classic_quantile,aic,0.998998998998999,0.6094869620847643,0.998998998998999,0.0,2.0,9.0,"['avg_p_latency_1', 'python_gc_objects_collected_total_4', 'buffer_size_2', 'data_quality_1', 'process_virtual_memory_bytes_1', 'python_gc_objects_collected_total_2', 'throughput_2', 'data_quality_2', 'throughput_1']",11.842650582999994,,,False,
throughput_1,8,mrmr,kmeans,bic,0.998998998998999,0.8784581180787292,0.998998998998999,0.908908908908909,0.0,9.0,"['avg_p_latency_1', 'python_gc_objects_collected_total_4', 'buffer_size_2', 'data_quality_1', 'process_virtual_memory_bytes_1', 'python_gc_objects_collected_total_2', 'throughput_2', 'data_quality_2', 'throughput_1']",12.058082417000008,,,False,
throughput_1,8,mrmr,kmeans,aic,0.998998998998999,0.4564557160265106,0.998998998998999,0.908908908908909,0.0,9.0,"['avg_p_latency_1', 'python_gc_objects_collected_total_4', 'buffer_size_2', 'data_quality_1', 'process_virtual_memory_bytes_1', 'python_gc_objects_collected_total_2', 'throughput_2', 'data_quality_2', 'throughput_1']",11.65936025000002,,,False,
throughput_1,8,mrmr,dbscan,bic,0.4774774774774775,0.3904297307960785,0.4864864864864865,0.09109109109109109,43.0,9.0,"['avg_p_latency_1', 'python_gc_objects_collected_total_4', 'buffer_size_2', 'data_quality_1', 'process_virtual_memory_bytes_1', 'python_gc_objects_collected_total_2', 'throughput_2', 'data_quality_2', 'throughput_1']",11.397537665999977,,,False,
throughput_1,8,mrmr,dbscan,aic,0.4774774774774775,0.3904297307960785,0.4864864864864865,0.09109109109109109,43.0,9.0,"['avg_p_latency_1', 'python_gc_objects_collected_total_4', 'buffer_size_2', 'data_quality_1', 'process_virtual_memory_bytes_1', 'python_gc_objects_collected_total_2', 'throughput_2', 'data_quality_2', 'throughput_1']",12.148631165999973,,,False,
throughput_1,8,pca,classic_uniform,bic,,,,,,,,0.6600952919999941,,,False,1
throughput_1,8,pca,classic_uniform,aic,,,,,,,,0.9965550830000041,,,False,1
throughput_1,8,pca,classic_quantile,bic,0.09009009009009009,0.13269774999523934,0.998998998998999,0.0,2.0,9.0,"['pca_1', 'pca_2', 'pca_3', 'pca_4', 'pca_5', 'pca_6', 'pca_7', 'pca_8', 'throughput_1']",1.119103042000006,,,False,
throughput_1,8,pca,classic_quantile,aic,0.2772772772772773,0.3354667761000441,0.998998998998999,0.0,2.0,9.0,"['pca_1', 'pca_2', 'pca_3', 'pca_4', 'pca_5', 'pca_6', 'pca_7', 'pca_8', 'throughput_1']",1.6925976249999906,,,False,
throughput_1,8,pca,kmeans,bic,0.1871871871871872,0.2300092283282841,0.998998998998999,0.908908908908909,0.0,9.0,"['pca_1', 'pca_2', 'pca_3', 'pca_4', 'pca_5', 'pca_6', 'pca_7', 'pca_8', 'throughput_1']",1.0906700000000171,,,False,
throughput_1,8,pca,kmeans,aic,0.26926926926926925,0.31325853937665277,0.998998998998999,0.908908908908909,0.0,9.0,"['pca_1', 'pca_2', 'pca_3', 'pca_4', 'pca_5', 'pca_6', 'pca_7', 'pca_8', 'throughput_1']",1.5011984580000046,,,False,
throughput_1,8,pca,dbscan,bic,,,,,,,,0.25340929200001483,,,False,The node throughput_1_t1 is not in the digraph.
throughput_1,8,pca,dbscan,aic,0.0920920920920921,0.09498271404506943,0.4864864864864865,0.09109109109109109,43.0,7.0,"['pca_1', 'pca_2', 'pca_3', 'pca_4', 'pca_5', 'pca_6', 'throughput_1']",0.8597112079999931,,,False,
throughput_1,12,markov,classic_uniform,bic,,,,,,,,6.303052624999992,,,False,index 3 is out of bounds for axis 0 with size 3
throughput_1,12,markov,classic_uniform,aic,,,,,,,,5.713096749999977,,,False,index 3 is out of bounds for axis 0 with size 3
throughput_1,12,markov,classic_quantile,bic,0.998998998998999,0.44900443453574296,0.998998998998999,0.0,2.0,13.0,"['buffer_size_2', 'data_quality_3', 'process_resident_memory_bytes_1', 'throughput_3', 'python_gc_objects_collected_total_7', 'data_quality_1', 'buffer_size_3', 'avg_p_latency_1', 'process_cpu_seconds_total_3', 'python_gc_collections_total_1', 'process_cpu_seconds_total_2', 'process_cpu_seconds_total_1', 'throughput_1']",6.607112000000001,,,False,
throughput_1,12,markov,classic_quantile,aic,0.998998998998999,0.6812298410885977,0.998998998998999,0.0,2.0,12.0,"['python_gc_objects_collected_total_6', 'data_quality_3', 'python_gc_objects_collected_total_7', 'data_quality_2', 'data_quality_1', 'buffer_size_3', 'avg_p_latency_1', 'process_cpu_seconds_total_3', 'python_gc_collections_total_1', 'process_cpu_seconds_total_2', 'process_cpu_seconds_total_1', 'throughput_1']",5.929098416000016,,,False,
throughput_1,12,markov,kmeans,bic,0.5495495495495496,0.49772589220752533,0.998998998998999,0.908908908908909,0.0,13.0,"['buffer_size_2', 'data_quality_3', 'process_resident_memory_bytes_1', 'throughput_3', 'python_gc_objects_collected_total_7', 'data_quality_1', 'buffer_size_3', 'avg_p_latency_1', 'process_cpu_seconds_total_3', 'python_gc_collections_total_1', 'process_cpu_seconds_total_2', 'process_cpu_seconds_total_1', 'throughput_1']",6.3638260419999995,,,False,
throughput_1,12,markov,kmeans,aic,0.908908908908909,0.47604657987281307,0.998998998998999,0.908908908908909,0.0,13.0,"['cores_3', 'python_gc_objects_collected_total_6', 'data_quality_3', 'python_gc_objects_collected_total_7', 'data_quality_2', 'data_quality_1', 'buffer_size_3', 'avg_p_latency_1', 'process_cpu_seconds_total_3', 'python_gc_collections_total_1', 'process_cpu_seconds_total_2', 'process_cpu_seconds_total_1', 'throughput_1']",6.194883458000021,,,False,
throughput_1,12,markov,dbscan,bic,0.4774774774774775,0.3904297307960785,0.4864864864864865,0.09109109109109109,43.0,9.0,"['buffer_size_2', 'data_quality_3', 'process_resident_memory_bytes_1', 'throughput_3', 'python_gc_objects_collected_total_7', 'data_quality_1', 'buffer_size_3', 'avg_p_latency_1', 'throughput_1']",5.682302958999998,,,False,
throughput_1,12,markov,dbscan,aic,0.4774774774774775,0.3904297307960785,0.4864864864864865,0.09109109109109109,43.0,9.0,"['cores_3', 'python_gc_objects_collected_total_6', 'data_quality_3', 'python_gc_objects_collected_total_7', 'data_quality_2', 'data_quality_1', 'buffer_size_3', 'avg_p_latency_1', 'throughput_1']",5.389388583999988,,,False,
throughput_1,12,mrmr,classic_uniform,bic,,,,,,,,24.571281457999987,,,False,index 3 is out of bounds for axis 0 with size 3
throughput_1,12,mrmr,classic_uniform,aic,,,,,,,,24.549989584000002,,,False,index 3 is out of bounds for axis 0 with size 3
throughput_1,12,mrmr,classic_quantile,bic,0.998998998998999,0.4188977588040478,0.998998998998999,0.0,2.0,12.0,"['avg_p_latency_1', 'python_gc_objects_collected_total_4', 'buffer_size_2', 'data_quality_1', 'process_virtual_memory_bytes_1', 'python_gc_objects_collected_total_2', 'throughput_2', 'data_quality_2', 'python_gc_objects_collected_total_1', 'throughput_3', 'python_gc_objects_collected_total_9', 'throughput_1']",24.801058291000004,,,False,
throughput_1,12,mrmr,classic_quantile,aic,0.998998998998999,0.41885041179591365,0.998998998998999,0.0,2.0,12.0,"['avg_p_latency_1', 'python_gc_objects_collected_total_4', 'buffer_size_2', 'data_quality_1', 'process_virtual_memory_bytes_1', 'python_gc_objects_collected_total_2', 'throughput_2', 'data_quality_2', 'python_gc_objects_collected_total_1', 'throughput_3', 'python_gc_objects_collected_total_9', 'throughput_1']",25.46245933299997,,,False,
throughput_1,12,mrmr,kmeans,bic,0.998998998998999,0.4564154830311728,0.998998998998999,0.908908908908909,0.0,12.0,"['avg_p_latency_1', 'python_gc_objects_collected_total_4', 'buffer_size_2', 'data_quality_1', 'process_virtual_memory_bytes_1', 'python_gc_objects_collected_total_2', 'throughput_2', 'data_quality_2', 'python_gc_objects_collected_total_1', 'throughput_3', 'python_gc_objects_collected_total_9', 'throughput_1']",25.451474041999973,,,False,
throughput_1,12,mrmr,kmeans,aic,0.2772772772772773,0.4552200078733534,0.998998998998999,0.908908908908909,0.0,12.0,"['avg_p_latency_1', 'python_gc_objects_collected_total_4', 'buffer_size_2', 'data_quality_1', 'process_virtual_memory_bytes_1', 'python_gc_objects_collected_total_2', 'throughput_2', 'data_quality_2', 'python_gc_objects_collected_total_1', 'throughput_3', 'python_gc_objects_collected_total_9', 'throughput_1']",25.56028900000001,,,False,
throughput_1,12,mrmr,dbscan,bic,0.4774774774774775,0.0838384156484167,0.4864864864864865,0.09109109109109109,43.0,12.0,"['avg_p_latency_1', 'python_gc_objects_collected_total_4', 'buffer_size_2', 'data_quality_1', 'process_virtual_memory_bytes_1', 'python_gc_objects_collected_total_2', 'throughput_2', 'data_quality_2', 'python_gc_objects_collected_total_1', 'throughput_3', 'python_gc_objects_collected_total_9', 'throughput_1']",24.477649083000017,,,False,
throughput_1,12,mrmr,dbscan,aic,0.4774774774774775,0.0838384156484167,0.4864864864864865,0.09109109109109109,43.0,12.0,"['avg_p_latency_1', 'python_gc_objects_collected_total_4', 'buffer_size_2', 'data_quality_1', 'process_virtual_memory_bytes_1', 'python_gc_objects_collected_total_2', 'throughput_2', 'data_quality_2', 'python_gc_objects_collected_total_1', 'throughput_3', 'python_gc_objects_collected_total_9', 'throughput_1']",24.425740667000014,,,False,
throughput_1,12,pca,classic_uniform,bic,,,,,,,,1.2495993750000025,,,False,1
throughput_1,12,pca,classic_uniform,aic,,,,,,,,2.481044958000041,,,False,1
throughput_1,12,pca,classic_quantile,bic,0.09009009009009009,0.15036448922250042,0.998998998998999,0.0,2.0,13.0,"['pca_1', 'pca_2', 'pca_3', 'pca_4', 'pca_5', 'pca_6', 'pca_7', 'pca_8', 'pca_9', 'pca_10', 'pca_11', 'pca_12', 'throughput_1']",2.3179295840000123,,,False,
throughput_1,12,pca,classic_quantile,aic,0.2772772772772773,0.2528806708380427,0.998998998998999,0.0,2.0,13.0,"['pca_1', 'pca_2', 'pca_3', 'pca_4', 'pca_5', 'pca_6', 'pca_7', 'pca_8', 'pca_9', 'pca_10', 'pca_11', 'pca_12', 'throughput_1']",3.3261630420000188,,,False,
throughput_1,12,pca,kmeans,bic,0.0,0.08328678403651052,0.998998998998999,0.908908908908909,0.0,13.0,"['pca_1', 'pca_2', 'pca_3', 'pca_4', 'pca_5', 'pca_6', 'pca_7', 'pca_8', 'pca_9', 'pca_10', 'pca_11', 'pca_12', 'throughput_1']",1.9873481249999827,,,False,
throughput_1,12,pca,kmeans,aic,0.11411411411411411,0.20931440985796437,0.998998998998999,0.908908908908909,0.0,13.0,"['pca_1', 'pca_2', 'pca_3', 'pca_4', 'pca_5', 'pca_6', 'pca_7', 'pca_8', 'pca_9', 'pca_10', 'pca_11', 'pca_12', 'throughput_1']",2.864752332999956,,,False,
throughput_1,12,pca,dbscan,bic,0.09109109109109109,0.030953829781802507,0.4864864864864865,0.09109109109109109,43.0,11.0,"['pca_1', 'pca_2', 'pca_3', 'pca_4', 'pca_5', 'pca_6', 'pca_9', 'pca_10', 'pca_11', 'pca_12', 'throughput_1']",1.17653150000001,,,False,
throughput_1,12,pca,dbscan,aic,0.0920920920920921,0.09498271404506943,0.4864864864864865,0.09109109109109109,43.0,11.0,"['pca_1', 'pca_2', 'pca_3', 'pca_4', 'pca_5', 'pca_6', 'pca_9', 'pca_10', 'pca_11', 'pca_12', 'throughput_1']",1.6372255829999744,,,False,
throughput_1,20,markov,classic_uniform,bic,,,,,,,,7.698300709000023,,,False,index 3 is out of bounds for axis 0 with size 3
throughput_1,20,markov,classic_uniform,aic,,,,,,,,7.167398917000014,,,False,index 3 is out of bounds for axis 0 with size 3
throughput_1,20,markov,classic_quantile,bic,0.908908908908909,0.37313735668892634,0.998998998998999,0.0,2.0,21.0,"['buffer_size_2', 'data_quality_3', 'process_resident_memory_bytes_1', 'throughput_3', 'python_gc_objects_collected_total_7', 'data_quality_1', 'buffer_size_3', 'avg_p_latency_1', 'process_cpu_seconds_total_3', 'python_gc_collections_total_1', 'process_cpu_seconds_total_2', 'process_cpu_seconds_total_1', 'python_gc_collections_total_4', 'python_gc_objects_collected_total_2', 'python_gc_collections_total_2', 'python_gc_objects_collected_total_3', 'python_gc_collections_total_3', 'python_gc_collections_total_7', 'python_gc_collections_total_6', 'python_gc_collections_total_5', 'throughput_1']",7.999241374999997,,,False,
throughput_1,20,markov,classic_quantile,aic,0.998998998998999,0.6728864432549129,0.998998998998999,0.0,2.0,20.0,"['python_gc_objects_collected_total_6', 'data_quality_3', 'python_gc_objects_collected_total_7', 'data_quality_2', 'data_quality_1', 'buffer_size_3', 'avg_p_latency_1', 'process_cpu_seconds_total_3', 'python_gc_collections_total_1', 'process_cpu_seconds_total_2', 'process_cpu_seconds_total_1', 'python_gc_collections_total_4', 'python_gc_objects_collected_total_2', 'python_gc_collections_total_2', 'python_gc_objects_collected_total_3', 'python_gc_collections_total_3', 'python_gc_collections_total_7', 'python_gc_collections_total_6', 'python_gc_collections_total_5', 'throughput_1']",7.534625791999986,,,False,
throughput_1,20,markov,kmeans,bic,0.2772772772772773,0.4137395167199073,0.998998998998999,0.908908908908909,0.0,21.0,"['buffer_size_2', 'data_quality_3', 'process_resident_memory_bytes_1', 'throughput_3', 'python_gc_objects_collected_total_7', 'data_quality_1', 'buffer_size_3', 'avg_p_latency_1', 'process_cpu_seconds_total_3', 'python_gc_collections_total_1', 'process_cpu_seconds_total_2', 'process_cpu_seconds_total_1', 'python_gc_collections_total_4', 'python_gc_objects_collected_total_2', 'python_gc_collections_total_2', 'python_gc_objects_collected_total_3', 'python_gc_collections_total_3', 'python_gc_collections_total_7', 'python_gc_collections_total_6', 'python_gc_collections_total_5', 'throughput_1']",8.042453417000047,,,False,
throughput_1,20,markov,kmeans,aic,0.908908908908909,0.43005309441572764,0.998998998998999,0.908908908908909,0.0,21.0,"['cores_3', 'python_gc_objects_collected_total_6', 'data_quality_3', 'python_gc_objects_collected_total_7', 'data_quality_2', 'data_quality_1', 'buffer_size_3', 'avg_p_latency_1', 'process_cpu_seconds_total_3', 'python_gc_collections_total_1', 'process_cpu_seconds_total_2', 'process_cpu_seconds_total_1', 'python_gc_collections_total_4', 'python_gc_objects_collected_total_2', 'python_gc_collections_total_2', 'python_gc_objects_collected_total_3', 'python_gc_collections_total_3', 'python_gc_collections_total_7', 'python_gc_collections_total_6', 'python_gc_collections_total_5', 'throughput_1']",8.067417458000023,,,False,
throughput_1,20,markov,dbscan,bic,0.4774774774774775,0.3904297307960785,0.4864864864864865,0.09109109109109109,43.0,16.0,"['buffer_size_2', 'data_quality_3', 'process_resident_memory_bytes_1', 'throughput_3', 'python_gc_objects_collected_total_7', 'data_quality_1', 'buffer_size_3', 'avg_p_latency_1', 'python_gc_objects_collected_total_2', 'python_gc_collections_total_2', 'python_gc_objects_collected_total_3', 'python_gc_collections_total_3', 'python_gc_collections_total_7', 'python_gc_collections_total_6', 'python_gc_collections_total_5', 'throughput_1']",6.7096825410000065,,,False,
throughput_1,20,markov,dbscan,aic,0.4774774774774775,0.3904297307960785,0.4864864864864865,0.09109109109109109,43.0,16.0,"['cores_3', 'python_gc_objects_collected_total_6', 'data_quality_3', 'python_gc_objects_collected_total_7', 'data_quality_2', 'data_quality_1', 'buffer_size_3', 'avg_p_latency_1', 'python_gc_objects_collected_total_2', 'python_gc_collections_total_2', 'python_gc_objects_collected_total_3', 'python_gc_collections_total_3', 'python_gc_collections_total_7', 'python_gc_collections_total_6', 'python_gc_collections_total_5', 'throughput_1']",6.942662040999949,,,False,
throughput_1,20,mrmr,classic_uniform,bic,,,,,,,,63.75539108300006,,,False,index 3 is out of bounds for axis 0 with size 3
throughput_1,20,mrmr,classic_uniform,aic,,,,,,,,63.46526737500005,,,False,index 3 is out of bounds for axis 0 with size 3
throughput_1,20,mrmr,classic_quantile,bic,0.998998998998999,0.4555459468570271,0.998998998998999,0.0,2.0,18.0,"['avg_p_latency_1', 'python_gc_objects_collected_total_4', 'buffer_size_2', 'data_quality_1', 'process_virtual_memory_bytes_1', 'python_gc_objects_collected_total_2', 'throughput_2', 'data_quality_2', 'python_gc_objects_collected_total_1', 'throughput_3', 'python_gc_objects_collected_total_9', 'process_resident_memory_bytes_1', 'avg_p_latency_2', 'python_gc_objects_collected_total_8', 'scrape_duration_seconds_1', 'avg_p_latency_3', 'python_gc_collections_total_7', 'throughput_1']",63.172605207999936,,,False,
throughput_1,20,mrmr,classic_quantile,aic,0.998998998998999,0.4568440121601417,0.998998998998999,0.0,2.0,18.0,"['avg_p_latency_1', 'python_gc_objects_collected_total_4', 'buffer_size_2', 'data_quality_1', 'process_virtual_memory_bytes_1', 'python_gc_objects_collected_total_2', 'throughput_2', 'data_quality_2', 'python_gc_objects_collected_total_1', 'throughput_3', 'python_gc_objects_collected_total_9', 'process_resident_memory_bytes_1', 'avg_p_latency_2', 'python_gc_objects_collected_total_8', 'scrape_duration_seconds_1', 'avg_p_latency_3', 'python_gc_collections_total_7', 'throughput_1']",64.33987779100005,,,False,
throughput_1,20,mrmr,kmeans,bic,0.998998998998999,0.4569428202983772,0.998998998998999,0.908908908908909,0.0,19.0,"['avg_p_latency_1', 'python_gc_objects_collected_total_4', 'buffer_size_2', 'data_quality_1', 'process_virtual_memory_bytes_1', 'python_gc_objects_collected_total_2', 'throughput_2', 'data_quality_2', 'python_gc_objects_collected_total_1', 'throughput_3', 'python_gc_objects_collected_total_9', 'process_resident_memory_bytes_1', 'avg_p_latency_2', 'python_gc_objects_collected_total_8', 'scrape_duration_seconds_1', 'avg_p_latency_3', 'python_gc_collections_total_7', 'process_open_fds_1', 'throughput_1']",63.646230790999994,,,False,
throughput_1,20,mrmr,kmeans,aic,0.998998998998999,0.4566851606655054,0.998998998998999,0.908908908908909,0.0,19.0,"['avg_p_latency_1', 'python_gc_objects_collected_total_4', 'buffer_size_2', 'data_quality_1', 'process_virtual_memory_bytes_1', 'python_gc_objects_collected_total_2', 'throughput_2', 'data_quality_2', 'python_gc_objects_collected_total_1', 'throughput_3', 'python_gc_objects_collected_total_9', 'process_resident_memory_bytes_1', 'avg_p_latency_2', 'python_gc_objects_collected_total_8', 'scrape_duration_seconds_1', 'avg_p_latency_3', 'python_gc_collections_total_7', 'process_open_fds_1', 'throughput_1']",64.05192312500003,,,False,
throughput_1,20,mrmr,dbscan,bic,0.4774774774774775,0.0838384156484167,0.4864864864864865,0.09109109109109109,43.0,18.0,"['avg_p_latency_1', 'python_gc_objects_collected_total_4', 'buffer_size_2', 'data_quality_1', 'process_virtual_memory_bytes_1', 'python_gc_objects_collected_total_2', 'throughput_2', 'data_quality_2', 'python_gc_objects_collected_total_1', 'throughput_3', 'python_gc_objects_collected_total_9', 'process_resident_memory_bytes_1', 'avg_p_latency_2', 'python_gc_objects_collected_total_8', 'avg_p_latency_3', 'python_gc_collections_total_7', 'process_open_fds_1', 'throughput_1']",62.63665520799998,,,False,
throughput_1,20,mrmr,dbscan,aic,0.4774774774774775,0.0838384156484167,0.4864864864864865,0.09109109109109109,43.0,18.0,"['avg_p_latency_1', 'python_gc_objects_collected_total_4', 'buffer_size_2', 'data_quality_1', 'process_virtual_memory_bytes_1', 'python_gc_objects_collected_total_2', 'throughput_2', 'data_quality_2', 'python_gc_objects_collected_total_1', 'throughput_3', 'python_gc_objects_collected_total_9', 'process_resident_memory_bytes_1', 'avg_p_latency_2', 'python_gc_objects_collected_total_8', 'avg_p_latency_3', 'python_gc_collections_total_7', 'process_open_fds_1', 'throughput_1']",63.34301954199998,,,False,
throughput_1,20,pca,classic_uniform,bic,,,,,,,,3.3771348329999,,,False,1
throughput_1,20,pca,classic_uniform,aic,,,,,,,,6.306874500000049,,,False,1
throughput_1,20,pca,classic_quantile,bic,0.09009009009009009,0.16828407935935527,0.998998998998999,0.0,2.0,21.0,"['pca_1', 'pca_2', 'pca_3', 'pca_4', 'pca_5', 'pca_6', 'pca_7', 'pca_8', 'pca_9', 'pca_10', 'pca_11', 'pca_12', 'pca_13', 'pca_14', 'pca_15', 'pca_16', 'pca_17', 'pca_18', 'pca_19', 'pca_20', 'throughput_1']",5.23032133300012,,,False,
throughput_1,20,pca,classic_quantile,aic,0.2752752752752753,0.26068717080301174,0.998998998998999,0.0,2.0,21.0,"['pca_1', 'pca_2', 'pca_3', 'pca_4', 'pca_5', 'pca_6', 'pca_7', 'pca_8', 'pca_9', 'pca_10', 'pca_11', 'pca_12', 'pca_13', 'pca_14', 'pca_15', 'pca_16', 'pca_17', 'pca_18', 'pca_19', 'pca_20', 'throughput_1']",14.956249790999891,,,False,
throughput_1,20,pca,kmeans,bic,0.0,0.08328678403651052,0.998998998998999,0.908908908908909,0.0,21.0,"['pca_1', 'pca_2', 'pca_3', 'pca_4', 'pca_5', 'pca_6', 'pca_7', 'pca_8', 'pca_9', 'pca_10', 'pca_11', 'pca_12', 'pca_13', 'pca_14', 'pca_15', 'pca_16', 'pca_17', 'pca_18', 'pca_19', 'pca_20', 'throughput_1']",4.644040417000042,,,False,
throughput_1,20,pca,kmeans,aic,0.2722722722722723,0.3083387185791977,0.998998998998999,0.908908908908909,0.0,21.0,"['pca_1', 'pca_2', 'pca_3', 'pca_4', 'pca_5', 'pca_6', 'pca_7', 'pca_8', 'pca_9', 'pca_10', 'pca_11', 'pca_12', 'pca_13', 'pca_14', 'pca_15', 'pca_16', 'pca_17', 'pca_18', 'pca_19', 'pca_20', 'throughput_1']",10.67495533400006,,,False,
throughput_1,20,pca,dbscan,bic,0.09109109109109109,0.030953829781802514,0.4864864864864865,0.09109109109109109,43.0,19.0,"['pca_1', 'pca_2', 'pca_3', 'pca_4', 'pca_5', 'pca_6', 'pca_9', 'pca_10', 'pca_11', 'pca_12', 'pca_13', 'pca_14', 'pca_15', 'pca_16', 'pca_17', 'pca_18', 'pca_19', 'pca_20', 'throughput_1']",2.3365815829999974,,,False,
throughput_1,20,pca,dbscan,aic,0.062062062062062065,0.030577444741073007,0.4864864864864865,0.09109109109109109,43.0,19.0,"['pca_1', 'pca_2', 'pca_3', 'pca_4', 'pca_5', 'pca_6', 'pca_9', 'pca_10', 'pca_11', 'pca_12', 'pca_13', 'pca_14', 'pca_15', 'pca_16', 'pca_17', 'pca_18', 'pca_19', 'pca_20', 'throughput_1']",4.70605070900001,,,False,
throughput_2,3,markov,classic_uniform,bic,0.998998998998999,0.8486012553627434,0.998998998998999,0.908908908908909,0.0,4.0,"['throughput_3', 'data_quality_1', 'avg_p_latency_2', 'throughput_2']",5.046779042000026,,,False,
throughput_2,3,markov,classic_uniform,aic,0.998998998998999,0.5021727744720467,0.998998998998999,0.908908908908909,0.0,4.0,"['process_resident_memory_bytes_1', 'throughput_3', 'avg_p_latency_1', 'throughput_2']",4.745737250000047,,,False,
throughput_2,3,markov,classic_quantile,bic,0.6376376376376376,0.6093075955666197,0.997997997997998,0.09109109109109109,3.0,4.0,"['throughput_3', 'data_quality_1', 'avg_p_latency_2', 'throughput_2']",5.070979708000095,,,False,
throughput_2,3,markov,classic_quantile,aic,0.6396396396396397,0.6077431964283088,0.997997997997998,0.09109109109109109,3.0,4.0,"['process_resident_memory_bytes_1', 'throughput_3', 'avg_p_latency_1', 'throughput_2']",4.682302250000021,,,False,
throughput_2,3,markov,kmeans,bic,0.998998998998999,0.7569792778516722,0.998998998998999,0.908908908908909,0.0,4.0,"['throughput_3', 'data_quality_1', 'avg_p_latency_2', 'throughput_2']",5.097198082999967,,,False,
throughput_2,3,markov,kmeans,aic,0.998998998998999,0.4868563268429816,0.998998998998999,0.908908908908909,0.0,4.0,"['process_resident_memory_bytes_1', 'throughput_3', 'avg_p_latency_1', 'throughput_2']",4.6852571659999285,,,False,
throughput_2,3,markov,dbscan,bic,0.09009009009009009,0.17751977065741079,0.5675675675675675,0.0,48.0,4.0,"['throughput_3', 'data_quality_1', 'avg_p_latency_2', 'throughput_2']",5.0301759579999725,,,False,
throughput_2,3,markov,dbscan,aic,0.43543543543543545,0.30765247353209324,0.5675675675675675,0.0,48.0,4.0,"['process_resident_memory_bytes_1', 'throughput_3', 'avg_p_latency_1', 'throughput_2']",5.008004707999817,,,False,
throughput_2,3,mrmr,classic_uniform,bic,0.6396396396396397,0.5054801034931874,0.998998998998999,0.908908908908909,0.0,4.0,"['buffer_size_2', 'buffer_size_3', 'throughput_1', 'throughput_2']",1.83835833299986,,,False,
throughput_2,3,mrmr,classic_uniform,aic,0.6396396396396397,0.5048585153840447,0.998998998998999,0.908908908908909,0.0,4.0,"['buffer_size_2', 'buffer_size_3', 'throughput_1', 'throughput_2']",1.823002292000183,,,False,
throughput_2,3,mrmr,classic_quantile,bic,0.5475475475475475,0.5449284691791838,0.997997997997998,0.09109109109109109,3.0,4.0,"['buffer_size_2', 'buffer_size_3', 'throughput_1', 'throughput_2']",1.774340833999986,,,False,
throughput_2,3,mrmr,classic_quantile,aic,0.5475475475475475,0.5457942656467112,0.997997997997998,0.09109109109109109,3.0,4.0,"['buffer_size_2', 'buffer_size_3', 'throughput_1', 'throughput_2']",1.8183122090001689,,,False,
throughput_2,3,mrmr,kmeans,bic,0.998998998998999,0.6524500026596621,0.998998998998999,0.908908908908909,0.0,4.0,"['buffer_size_2', 'buffer_size_3', 'throughput_1', 'throughput_2']",1.7547711669999444,,,False,
throughput_2,3,mrmr,kmeans,aic,0.998998998998999,0.652454844277184,0.998998998998999,0.908908908908909,0.0,4.0,"['buffer_size_2', 'buffer_size_3', 'throughput_1', 'throughput_2']",1.783920291999948,,,False,
throughput_2,3,mrmr,dbscan,bic,,,,,,,,1.4600682920001873,,,False,The node throughput_2_t1 is not in the digraph.
throughput_2,3,mrmr,dbscan,aic,0.3173173173173173,0.27728005770899905,0.5675675675675675,0.0,48.0,4.0,"['buffer_size_2', 'buffer_size_3', 'throughput_1', 'throughput_2']",1.912265208000008,,,False,
throughput_2,3,pca,classic_uniform,bic,,,,,,,,0.22905437500003245,,,False,1
throughput_2,3,pca,classic_uniform,aic,,,,,,,,0.2211459160000686,,,False,1
throughput_2,3,pca,classic_quantile,bic,0.2782782782782783,0.21549242458050802,0.997997997997998,0.09109109109109109,3.0,4.0,"['pca_1', 'pca_2', 'pca_3', 'throughput_2']",0.47749949999979435,,,False,
throughput_2,3,pca,classic_quantile,aic,0.2782782782782783,0.24718737550788436,0.997997997997998,0.09109109109109109,3.0,4.0,"['pca_1', 'pca_2', 'pca_3', 'throughput_2']",0.5732660409998971,,,False,
throughput_2,3,pca,kmeans,bic,0.1941941941941942,0.14178389783997294,0.998998998998999,0.908908908908909,0.0,4.0,"['pca_1', 'pca_2', 'pca_3', 'throughput_2']",0.5134929999999258,,,False,
throughput_2,3,pca,kmeans,aic,0.1941941941941942,0.17533753400781643,0.998998998998999,0.908908908908909,0.0,4.0,"['pca_1', 'pca_2', 'pca_3', 'throughput_2']",0.476977541999986,,,False,
throughput_2,3,pca,dbscan,bic,,,,,,,,0.08539454099991417,,,False,The node throughput_2_t1 is not in the digraph.
throughput_2,3,pca,dbscan,aic,0.04104104104104104,0.03315018757202675,0.5675675675675675,0.0,48.0,4.0,"['pca_1', 'pca_2', 'pca_3', 'throughput_2']",0.4636134160000438,,,False,
throughput_2,8,markov,classic_uniform,bic,,,,,,,,5.6966102499998215,,,False,2
throughput_2,8,markov,classic_uniform,aic,0.998998998998999,0.4115448216309076,0.998998998998999,0.908908908908909,0.0,9.0,"['data_quality_3', 'avg_p_latency_3', 'scrape_duration_seconds_3', 'process_resident_memory_bytes_1', 'throughput_3', 'scrape_duration_seconds_2', 'avg_p_latency_1', 'avg_p_latency_2', 'throughput_2']",5.353347209000049,,,False,
throughput_2,8,markov,classic_quantile,bic,0.6386386386386387,0.4580992016243227,0.997997997997998,0.09109109109109109,3.0,9.0,"['throughput_3', 'scrape_duration_seconds_2', 'avg_p_latency_2', 'data_quality_1', 'buffer_size_2', 'process_cpu_seconds_total_3', 'process_cpu_seconds_total_2', 'python_gc_collections_total_1', 'throughput_2']",5.920534666999856,,,False,
throughput_2,8,markov,classic_quantile,aic,0.983983983983984,0.4925738157656146,0.997997997997998,0.09109109109109109,3.0,9.0,"['data_quality_3', 'avg_p_latency_3', 'scrape_duration_seconds_3', 'process_resident_memory_bytes_1', 'throughput_3', 'scrape_duration_seconds_2', 'avg_p_latency_1', 'avg_p_latency_2', 'throughput_2']",5.517057374999922,,,False,
throughput_2,8,markov,kmeans,bic,0.998998998998999,0.4706180676887926,0.998998998998999,0.908908908908909,0.0,9.0,"['throughput_3', 'scrape_duration_seconds_2', 'avg_p_latency_2', 'data_quality_1', 'buffer_size_2', 'process_cpu_seconds_total_3', 'process_cpu_seconds_total_2', 'python_gc_collections_total_1', 'throughput_2']",5.976575916999991,,,False,
throughput_2,8,markov,kmeans,aic,0.98998998998999,0.5298523329092346,0.998998998998999,0.908908908908909,0.0,9.0,"['data_quality_3', 'avg_p_latency_3', 'scrape_duration_seconds_3', 'process_resident_memory_bytes_1', 'throughput_3', 'scrape_duration_seconds_2', 'avg_p_latency_1', 'avg_p_latency_2', 'throughput_2']",5.389100667000093,,,False,
throughput_2,8,markov,dbscan,bic,0.09009009009009009,0.17751977065741079,0.5675675675675675,0.0,48.0,5.0,"['throughput_3', 'avg_p_latency_2', 'data_quality_1', 'buffer_size_2', 'throughput_2']",5.34587912500001,,,False,
throughput_2,8,markov,dbscan,aic,0.34534534534534533,0.1982461639605196,0.5675675675675675,0.0,48.0,7.0,"['data_quality_3', 'avg_p_latency_3', 'process_resident_memory_bytes_1', 'throughput_3', 'avg_p_latency_1', 'avg_p_latency_2', 'throughput_2']",5.5240452919999825,,,False,
throughput_2,8,mrmr,classic_uniform,bic,,,,,,,,11.026004249999914,,,False,2
throughput_2,8,mrmr,classic_uniform,aic,,,,,,,,11.157658958000184,,,False,2
throughput_2,8,mrmr,classic_quantile,bic,0.6376376376376376,0.43629847259209187,0.997997997997998,0.09109109109109109,3.0,9.0,"['buffer_size_2', 'buffer_size_3', 'throughput_1', 'scrape_duration_seconds_2', 'throughput_3', 'python_gc_objects_collected_total_1', 'process_resident_memory_bytes_1', 'data_quality_1', 'throughput_2']",11.003856917000121,,,False,
throughput_2,8,mrmr,classic_quantile,aic,0.5475475475475475,0.3898246535260624,0.997997997997998,0.09109109109109109,3.0,9.0,"['buffer_size_2', 'buffer_size_3', 'throughput_1', 'scrape_duration_seconds_2', 'throughput_3', 'python_gc_objects_collected_total_1', 'process_resident_memory_bytes_1', 'data_quality_1', 'throughput_2']",11.29080320900016,,,False,
throughput_2,8,mrmr,kmeans,bic,0.998998998998999,0.4572432995109562,0.998998998998999,0.908908908908909,0.0,9.0,"['buffer_size_2', 'buffer_size_3', 'throughput_1', 'scrape_duration_seconds_2', 'throughput_3', 'python_gc_objects_collected_total_1', 'process_resident_memory_bytes_1', 'data_quality_1', 'throughput_2']",11.20960574999981,,,False,
throughput_2,8,mrmr,kmeans,aic,0.2782782782782783,0.4377381286939304,0.998998998998999,0.908908908908909,0.0,9.0,"['buffer_size_2', 'buffer_size_3', 'throughput_1', 'scrape_duration_seconds_2', 'throughput_3', 'python_gc_objects_collected_total_1', 'process_resident_memory_bytes_1', 'data_quality_1', 'throughput_2']",11.49214970900016,,,False,
throughput_2,8,mrmr,dbscan,bic,0.0,0.04233493959288227,0.5675675675675675,0.0,48.0,8.0,"['buffer_size_2', 'buffer_size_3', 'throughput_1', 'throughput_3', 'python_gc_objects_collected_total_1', 'process_resident_memory_bytes_1', 'data_quality_1', 'throughput_2']",10.845036875000005,,,False,
throughput_2,8,mrmr,dbscan,aic,0.0,0.047005458181238115,0.5675675675675675,0.0,48.0,8.0,"['buffer_size_2', 'buffer_size_3', 'throughput_1', 'throughput_3', 'python_gc_objects_collected_total_1', 'process_resident_memory_bytes_1', 'data_quality_1', 'throughput_2']",10.856841000000031,,,False,
throughput_2,8,pca,classic_uniform,bic,,,,,,,,0.6562911660000736,,,False,1
throughput_2,8,pca,classic_uniform,aic,,,,,,,,1.794309500000054,,,False,1
throughput_2,8,pca,classic_quantile,bic,0.2682682682682683,0.15488678758298344,0.997997997997998,0.09109109109109109,3.0,9.0,"['pca_1', 'pca_2', 'pca_3', 'pca_4', 'pca_5', 'pca_6', 'pca_7', 'pca_8', 'throughput_2']",1.045115874999965,,,False,
throughput_2,8,pca,classic_quantile,aic,0.2652652652652653,0.3002749630095032,0.997997997997998,0.09109109109109109,3.0,9.0,"['pca_1', 'pca_2', 'pca_3', 'pca_4', 'pca_5', 'pca_6', 'pca_7', 'pca_8', 'throughput_2']",1.559164500000179,,,False,
throughput_2,8,pca,kmeans,bic,0.6386386386386387,0.31435791865953716,0.998998998998999,0.908908908908909,0.0,9.0,"['pca_1', 'pca_2', 'pca_3', 'pca_4', 'pca_5', 'pca_6', 'pca_7', 'pca_8', 'throughput_2']",1.2497632500001146,,,False,
throughput_2,8,pca,kmeans,aic,0.5635635635635635,0.32501413200029855,0.998998998998999,0.908908908908909,0.0,9.0,"['pca_1', 'pca_2', 'pca_3', 'pca_4', 'pca_5', 'pca_6', 'pca_7', 'pca_8', 'throughput_2']",1.726799167000081,,,False,
throughput_2,8,pca,dbscan,bic,,,,,,,,0.2666320410000935,,,False,The node throughput_2_t1 is not in the digraph.
throughput_2,8,pca,dbscan,aic,0.002002002002002002,0.019397723571084532,0.5675675675675675,0.0,48.0,7.0,"['pca_1', 'pca_2', 'pca_3', 'pca_4', 'pca_5', 'pca_6', 'throughput_2']",1.090086041999939,,,False,
throughput_2,12,markov,classic_uniform,bic,,,,,,,,6.234709333999945,,,False,2
throughput_2,12,markov,classic_uniform,aic,,,,,,,,6.321650707999879,,,False,2
throughput_2,12,markov,classic_quantile,bic,0.6386386386386387,0.4571223624313126,0.997997997997998,0.09109109109109109,3.0,13.0,"['throughput_3', 'scrape_duration_seconds_2', 'avg_p_latency_2', 'data_quality_1', 'buffer_size_2', 'process_cpu_seconds_total_3', 'process_cpu_seconds_total_2', 'python_gc_collections_total_1', 'process_cpu_seconds_total_1', 'python_gc_collections_total_4', 'python_gc_objects_collected_total_2', 'python_gc_collections_total_2', 'throughput_2']",6.45541045899995,,,False,
throughput_2,12,markov,classic_quantile,aic,0.6376376376376376,0.4925591529046651,0.997997997997998,0.09109109109109109,3.0,13.0,"['data_quality_3', 'avg_p_latency_3', 'scrape_duration_seconds_3', 'process_resident_memory_bytes_1', 'throughput_3', 'scrape_duration_seconds_2', 'avg_p_latency_1', 'avg_p_latency_2', 'buffer_size_2', 'process_cpu_seconds_total_3', 'process_cpu_seconds_total_2', 'python_gc_collections_total_1', 'throughput_2']",6.608449374999964,,,False,
throughput_2,12,markov,kmeans,bic,0.998998998998999,0.319767720700145,0.998998998998999,0.908908908908909,0.0,13.0,"['throughput_3', 'scrape_duration_seconds_2', 'avg_p_latency_2', 'data_quality_1', 'buffer_size_2', 'process_cpu_seconds_total_3', 'process_cpu_seconds_total_2', 'python_gc_collections_total_1', 'process_cpu_seconds_total_1', 'python_gc_collections_total_4', 'python_gc_objects_collected_total_2', 'python_gc_collections_total_2', 'throughput_2']",6.460998999999902,,,False,
throughput_2,12,markov,kmeans,aic,0.2782782782782783,0.4525052946266679,0.998998998998999,0.908908908908909,0.0,13.0,"['data_quality_3', 'avg_p_latency_3', 'scrape_duration_seconds_3', 'process_resident_memory_bytes_1', 'throughput_3', 'scrape_duration_seconds_2', 'avg_p_latency_1', 'avg_p_latency_2', 'buffer_size_2', 'process_cpu_seconds_total_3', 'process_cpu_seconds_total_2', 'python_gc_collections_total_1', 'throughput_2']",6.6858039170001575,,,False,
throughput_2,12,markov,dbscan,bic,0.09009009009009009,0.1775197706574108,0.5675675675675675,0.0,48.0,7.0,"['throughput_3', 'avg_p_latency_2', 'data_quality_1', 'buffer_size_2', 'python_gc_objects_collected_total_2', 'python_gc_collections_total_2', 'throughput_2']",5.5722072500000195,,,False,
throughput_2,12,markov,dbscan,aic,0.3133133133133133,0.18981440577890327,0.5675675675675675,0.0,48.0,8.0,"['data_quality_3', 'avg_p_latency_3', 'process_resident_memory_bytes_1', 'throughput_3', 'avg_p_latency_1', 'avg_p_latency_2', 'buffer_size_2', 'throughput_2']",5.96239700000001,,,False,
throughput_2,12,mrmr,classic_uniform,bic,,,,,,,,24.189580833000036,,,False,2
throughput_2,12,mrmr,classic_uniform,aic,,,,,,,,24.41586995800003,,,False,2
throughput_2,12,mrmr,classic_quantile,bic,0.5475475475475475,0.3895236915222235,0.997997997997998,0.09109109109109109,3.0,13.0,"['buffer_size_2', 'buffer_size_3', 'throughput_1', 'scrape_duration_seconds_2', 'throughput_3', 'python_gc_objects_collected_total_1', 'process_resident_memory_bytes_1', 'data_quality_1', 'process_resident_memory_bytes_3', 'avg_p_latency_1', 'avg_p_latency_2', 'python_gc_objects_collected_total_9', 'throughput_2']",24.285692457999858,,,False,
throughput_2,12,mrmr,classic_quantile,aic,0.5475475475475475,0.3898246535260624,0.997997997997998,0.09109109109109109,3.0,13.0,"['buffer_size_2', 'buffer_size_3', 'throughput_1', 'scrape_duration_seconds_2', 'throughput_3', 'python_gc_objects_collected_total_1', 'process_resident_memory_bytes_1', 'data_quality_1', 'process_resident_memory_bytes_3', 'avg_p_latency_1', 'avg_p_latency_2', 'python_gc_objects_collected_total_9', 'throughput_2']",24.685160832999827,,,False,
throughput_2,12,mrmr,kmeans,bic,0.998998998998999,0.39397950491486405,0.998998998998999,0.908908908908909,0.0,13.0,"['buffer_size_2', 'buffer_size_3', 'throughput_1', 'scrape_duration_seconds_2', 'throughput_3', 'python_gc_objects_collected_total_1', 'process_resident_memory_bytes_1', 'data_quality_1', 'process_resident_memory_bytes_3', 'avg_p_latency_1', 'avg_p_latency_2', 'python_gc_objects_collected_total_9', 'throughput_2']",24.280902083,,,False,
throughput_2,12,mrmr,kmeans,aic,0.998998998998999,0.5412631830357442,0.998998998998999,0.908908908908909,0.0,13.0,"['buffer_size_2', 'buffer_size_3', 'throughput_1', 'scrape_duration_seconds_2', 'throughput_3', 'python_gc_objects_collected_total_1', 'process_resident_memory_bytes_1', 'data_quality_1', 'process_resident_memory_bytes_3', 'avg_p_latency_1', 'avg_p_latency_2', 'python_gc_objects_collected_total_9', 'throughput_2']",24.577350541999976,,,False,
throughput_2,12,mrmr,dbscan,bic,0.0,0.04230376935373647,0.5675675675675675,0.0,48.0,12.0,"['buffer_size_2', 'buffer_size_3', 'throughput_1', 'throughput_3', 'python_gc_objects_collected_total_1', 'process_resident_memory_bytes_1', 'data_quality_1', 'process_resident_memory_bytes_3', 'avg_p_latency_1', 'avg_p_latency_2', 'python_gc_objects_collected_total_9', 'throughput_2']",24.019256082999846,,,False,
throughput_2,12,mrmr,dbscan,aic,0.0,0.043958817941900895,0.5675675675675675,0.0,48.0,12.0,"['buffer_size_2', 'buffer_size_3', 'throughput_1', 'throughput_3', 'python_gc_objects_collected_total_1', 'process_resident_memory_bytes_1', 'data_quality_1', 'process_resident_memory_bytes_3', 'avg_p_latency_1', 'avg_p_latency_2', 'python_gc_objects_collected_total_9', 'throughput_2']",24.0071505840001,,,False,
throughput_2,12,pca,classic_uniform,bic,,,,,,,,1.2341215000001284,,,False,1
throughput_2,12,pca,classic_uniform,aic,,,,,,,,2.55645933400001,,,False,1
throughput_2,12,pca,classic_quantile,bic,0.33733733733733734,0.2508289185983262,0.997997997997998,0.09109109109109109,3.0,13.0,"['pca_1', 'pca_2', 'pca_3', 'pca_4', 'pca_5', 'pca_6', 'pca_7', 'pca_8', 'pca_9', 'pca_10', 'pca_11', 'pca_12', 'throughput_2']",2.0591386250000596,,,False,
throughput_2,12,pca,classic_quantile,aic,0.13113113113113112,0.18939781827772267,0.997997997997998,0.09109109109109109,3.0,13.0,"['pca_1', 'pca_2', 'pca_3', 'pca_4', 'pca_5', 'pca_6', 'pca_7', 'pca_8', 'pca_9', 'pca_10', 'pca_11', 'pca_12', 'throughput_2']",3.1881843749999916,,,False,
throughput_2,12,pca,kmeans,bic,0.7037037037037037,0.4292136797718953,0.998998998998999,0.908908908908909,0.0,13.0,"['pca_1', 'pca_2', 'pca_3', 'pca_4', 'pca_5', 'pca_6', 'pca_7', 'pca_8', 'pca_9', 'pca_10', 'pca_11', 'pca_12', 'throughput_2']",2.2044353750000028,,,False,
throughput_2,12,pca,kmeans,aic,0.5245245245245245,0.27992798507363376,0.998998998998999,0.908908908908909,0.0,13.0,"['pca_1', 'pca_2', 'pca_3', 'pca_4', 'pca_5', 'pca_6', 'pca_7', 'pca_8', 'pca_9', 'pca_10', 'pca_11', 'pca_12', 'throughput_2']",5.052813459000163,,,False,
throughput_2,12,pca,dbscan,bic,0.0,0.01195770989635687,0.5675675675675675,0.0,48.0,11.0,"['pca_1', 'pca_2', 'pca_3', 'pca_4', 'pca_5', 'pca_6', 'pca_9', 'pca_10', 'pca_11', 'pca_12', 'throughput_2']",1.1554146669998318,,,False,
throughput_2,12,pca,dbscan,aic,0.002002002002002002,0.01939772357108453,0.5675675675675675,0.0,48.0,11.0,"['pca_1', 'pca_2', 'pca_3', 'pca_4', 'pca_5', 'pca_6', 'pca_9', 'pca_10', 'pca_11', 'pca_12', 'throughput_2']",1.7519561670001167,,,False,
throughput_2,20,markov,classic_uniform,bic,,,,,,,,7.92312250000009,,,False,2
throughput_2,20,markov,classic_uniform,aic,,,,,,,,8.307040124999958,,,False,2
throughput_2,20,markov,classic_quantile,bic,0.6376376376376376,0.44818485234318045,0.997997997997998,0.09109109109109109,3.0,21.0,"['throughput_3', 'scrape_duration_seconds_2', 'avg_p_latency_2', 'data_quality_1', 'buffer_size_2', 'process_cpu_seconds_total_3', 'process_cpu_seconds_total_2', 'python_gc_collections_total_1', 'process_cpu_seconds_total_1', 'python_gc_collections_total_4', 'python_gc_objects_collected_total_2', 'python_gc_collections_total_2', 'python_gc_objects_collected_total_3', 'python_gc_collections_total_3', 'python_gc_collections_total_7', 'python_gc_collections_total_6', 'buffer_size_3', 'python_gc_collections_total_5', 'python_gc_objects_collected_total_5', 'python_gc_objects_collected_total_6', 'throughput_2']",8.43361379099997,,,False,
throughput_2,20,markov,classic_quantile,aic,0.6226226226226226,0.3980906692352658,0.997997997997998,0.09109109109109109,3.0,21.0,"['data_quality_3', 'avg_p_latency_3', 'scrape_duration_seconds_3', 'process_resident_memory_bytes_1', 'throughput_3', 'scrape_duration_seconds_2', 'avg_p_latency_1', 'avg_p_latency_2', 'buffer_size_2', 'process_cpu_seconds_total_3', 'process_cpu_seconds_total_2', 'python_gc_collections_total_1', 'process_cpu_seconds_total_1', 'python_gc_collections_total_4', 'python_gc_objects_collected_total_2', 'python_gc_collections_total_2', 'python_gc_objects_collected_total_3', 'python_gc_collections_total_3', 'python_gc_collections_total_7', 'python_gc_collections_total_6', 'throughput_2']",9.322075750000067,,,False,
throughput_2,20,markov,kmeans,bic,0.6066066066066066,0.6740247035874669,0.998998998998999,0.908908908908909,0.0,21.0,"['throughput_3', 'scrape_duration_seconds_2', 'avg_p_latency_2', 'data_quality_1', 'buffer_size_2', 'process_cpu_seconds_total_3', 'process_cpu_seconds_total_2', 'python_gc_collections_total_1', 'process_cpu_seconds_total_1', 'python_gc_collections_total_4', 'python_gc_objects_collected_total_2', 'python_gc_collections_total_2', 'python_gc_objects_collected_total_3', 'python_gc_collections_total_3', 'python_gc_collections_total_7', 'python_gc_collections_total_6', 'buffer_size_3', 'python_gc_collections_total_5', 'python_gc_objects_collected_total_5', 'python_gc_objects_collected_total_6', 'throughput_2']",8.088829750000059,,,False,
throughput_2,20,markov,kmeans,aic,0.998998998998999,0.3320320307263611,0.998998998998999,0.908908908908909,0.0,21.0,"['data_quality_3', 'avg_p_latency_3', 'scrape_duration_seconds_3', 'process_resident_memory_bytes_1', 'throughput_3', 'scrape_duration_seconds_2', 'avg_p_latency_1', 'avg_p_latency_2', 'buffer_size_2', 'process_cpu_seconds_total_3', 'process_cpu_seconds_total_2', 'python_gc_collections_total_1', 'process_cpu_seconds_total_1', 'python_gc_collections_total_4', 'python_gc_objects_collected_total_2', 'python_gc_collections_total_2', 'python_gc_objects_collected_total_3', 'python_gc_collections_total_3', 'python_gc_collections_total_7', 'python_gc_collections_total_6', 'throughput_2']",8.541172125000003,,,False,
throughput_2,20,markov,dbscan,bic,0.09009009009009009,0.059066626281046065,0.5675675675675675,0.0,48.0,15.0,"['throughput_3', 'avg_p_latency_2', 'data_quality_1', 'buffer_size_2', 'python_gc_objects_collected_total_2', 'python_gc_collections_total_2', 'python_gc_objects_collected_total_3', 'python_gc_collections_total_3', 'python_gc_collections_total_7', 'python_gc_collections_total_6', 'buffer_size_3', 'python_gc_collections_total_5', 'python_gc_objects_collected_total_5', 'python_gc_objects_collected_total_6', 'throughput_2']",6.5558421250000265,,,False,
throughput_2,20,markov,dbscan,aic,0.33733733733733734,0.20328251370015665,0.5675675675675675,0.0,48.0,14.0,"['data_quality_3', 'avg_p_latency_3', 'process_resident_memory_bytes_1', 'throughput_3', 'avg_p_latency_1', 'avg_p_latency_2', 'buffer_size_2', 'python_gc_objects_collected_total_2', 'python_gc_collections_total_2', 'python_gc_objects_collected_total_3', 'python_gc_collections_total_3', 'python_gc_collections_total_7', 'python_gc_collections_total_6', 'throughput_2']",7.0963582499998665,,,False,
throughput_2,20,mrmr,classic_uniform,bic,,,,,,,,63.83730683299996,,,False,2
throughput_2,20,mrmr,classic_uniform,aic,,,,,,,,63.83337429099993,,,False,2
throughput_2,20,mrmr,classic_quantile,bic,0.5475475475475475,0.37330144222267464,0.997997997997998,0.09109109109109109,3.0,19.0,"['buffer_size_2', 'buffer_size_3', 'throughput_1', 'scrape_duration_seconds_2', 'throughput_3', 'python_gc_objects_collected_total_1', 'process_resident_memory_bytes_1', 'data_quality_1', 'process_resident_memory_bytes_3', 'avg_p_latency_1', 'avg_p_latency_2', 'python_gc_objects_collected_total_9', 'python_gc_objects_collected_total_8', 'python_gc_objects_collected_total_4', 'python_gc_collections_total_7', 'avg_p_latency_3', 'python_gc_collections_total_8', 'data_quality_3', 'throughput_2']",63.641121916999964,,,False,
throughput_2,20,mrmr,classic_quantile,aic,0.47347347347347346,0.3150596612229023,0.997997997997998,0.09109109109109109,3.0,19.0,"['buffer_size_2', 'buffer_size_3', 'throughput_1', 'scrape_duration_seconds_2', 'throughput_3', 'python_gc_objects_collected_total_1', 'process_resident_memory_bytes_1', 'data_quality_1', 'process_resident_memory_bytes_3', 'avg_p_latency_1', 'avg_p_latency_2', 'python_gc_objects_collected_total_9', 'python_gc_objects_collected_total_8', 'python_gc_objects_collected_total_4', 'python_gc_collections_total_7', 'avg_p_latency_3', 'python_gc_collections_total_8', 'data_quality_3', 'throughput_2']",64.89865254200004,,,False,
throughput_2,20,mrmr,kmeans,bic,0.6306306306306306,0.48250018664503835,0.998998998998999,0.908908908908909,0.0,21.0,"['buffer_size_2', 'buffer_size_3', 'throughput_1', 'scrape_duration_seconds_2', 'throughput_3', 'python_gc_objects_collected_total_1', 'process_resident_memory_bytes_1', 'data_quality_1', 'process_resident_memory_bytes_3', 'avg_p_latency_1', 'avg_p_latency_2', 'python_gc_objects_collected_total_9', 'process_open_fds_1', 'python_gc_objects_collected_total_8', 'python_gc_objects_collected_total_4', 'python_gc_collections_total_7', 'process_open_fds_2', 'avg_p_latency_3', 'python_gc_collections_total_8', 'data_quality_3', 'throughput_2']",64.13905174999991,,,False,
throughput_2,20,mrmr,kmeans,aic,0.998998998998999,0.3518577000018426,0.998998998998999,0.908908908908909,0.0,21.0,"['buffer_size_2', 'buffer_size_3', 'throughput_1', 'scrape_duration_seconds_2', 'throughput_3', 'python_gc_objects_collected_total_1', 'process_resident_memory_bytes_1', 'data_quality_1', 'process_resident_memory_bytes_3', 'avg_p_latency_1', 'avg_p_latency_2', 'python_gc_objects_collected_total_9', 'process_open_fds_1', 'python_gc_objects_collected_total_8', 'python_gc_objects_collected_total_4', 'python_gc_collections_total_7', 'process_open_fds_2', 'avg_p_latency_3', 'python_gc_collections_total_8', 'data_quality_3', 'throughput_2']",64.80003483299993,,,False,
throughput_2,20,mrmr,dbscan,bic,0.0,0.042303769353736476,0.5675675675675675,0.0,48.0,20.0,"['buffer_size_2', 'buffer_size_3', 'throughput_1', 'throughput_3', 'python_gc_objects_collected_total_1', 'process_resident_memory_bytes_1', 'data_quality_1', 'process_resident_memory_bytes_3', 'avg_p_latency_1', 'avg_p_latency_2', 'python_gc_objects_collected_total_9', 'process_open_fds_1', 'python_gc_objects_collected_total_8', 'python_gc_objects_collected_total_4', 'python_gc_collections_total_7', 'process_open_fds_2', 'avg_p_latency_3', 'python_gc_collections_total_8', 'data_quality_3', 'throughput_2']",62.99367558300014,,,False,
throughput_2,20,mrmr,dbscan,aic,0.0,0.039743117957755474,0.5675675675675675,0.0,48.0,20.0,"['buffer_size_2', 'buffer_size_3', 'throughput_1', 'throughput_3', 'python_gc_objects_collected_total_1', 'process_resident_memory_bytes_1', 'data_quality_1', 'process_resident_memory_bytes_3', 'avg_p_latency_1', 'avg_p_latency_2', 'python_gc_objects_collected_total_9', 'process_open_fds_1', 'python_gc_objects_collected_total_8', 'python_gc_objects_collected_total_4', 'python_gc_collections_total_7', 'process_open_fds_2', 'avg_p_latency_3', 'python_gc_collections_total_8', 'data_quality_3', 'throughput_2']",63.138884374999634,,,False,
throughput_2,20,pca,classic_uniform,bic,,,,,,,,3.506757582999853,,,False,1
throughput_2,20,pca,classic_uniform,aic,,,,,,,,7.014911582999957,,,False,1
throughput_2,20,pca,classic_quantile,bic,0.44544544544544545,0.32267201883294755,0.997997997997998,0.09109109109109109,3.0,21.0,"['pca_1', 'pca_2', 'pca_3', 'pca_4', 'pca_5', 'pca_6', 'pca_7', 'pca_8', 'pca_9', 'pca_10', 'pca_11', 'pca_12', 'pca_13', 'pca_14', 'pca_15', 'pca_16', 'pca_17', 'pca_18', 'pca_19', 'pca_20', 'throughput_2']",5.307981250000012,,,False,
throughput_2,20,pca,classic_quantile,aic,0.2782782782782783,0.2604253439475395,0.997997997997998,0.09109109109109109,3.0,21.0,"['pca_1', 'pca_2', 'pca_3', 'pca_4', 'pca_5', 'pca_6', 'pca_7', 'pca_8', 'pca_9', 'pca_10', 'pca_11', 'pca_12', 'pca_13', 'pca_14', 'pca_15', 'pca_16', 'pca_17', 'pca_18', 'pca_19', 'pca_20', 'throughput_2']",12.760143917000278,,,False,
throughput_2,20,pca,kmeans,bic,0.27927927927927926,0.3524286077335698,0.998998998998999,0.908908908908909,0.0,21.0,"['pca_1', 'pca_2', 'pca_3', 'pca_4', 'pca_5', 'pca_6', 'pca_7', 'pca_8', 'pca_9', 'pca_10', 'pca_11', 'pca_12', 'pca_13', 'pca_14', 'pca_15', 'pca_16', 'pca_17', 'pca_18', 'pca_19', 'pca_20', 'throughput_2']",5.732335749999947,,,False,
throughput_2,20,pca,kmeans,aic,0.25925925925925924,0.3401472320777273,0.998998998998999,0.908908908908909,0.0,21.0,"['pca_1', 'pca_2', 'pca_3', 'pca_4', 'pca_5', 'pca_6', 'pca_7', 'pca_8', 'pca_9', 'pca_10', 'pca_11', 'pca_12', 'pca_13', 'pca_14', 'pca_15', 'pca_16', 'pca_17', 'pca_18', 'pca_19', 'pca_20', 'throughput_2']",12.062609125000108,,,False,
throughput_2,20,pca,dbscan,bic,0.0,0.01195770989635687,0.5675675675675675,0.0,48.0,19.0,"['pca_1', 'pca_2', 'pca_3', 'pca_4', 'pca_5', 'pca_6', 'pca_9', 'pca_10', 'pca_11', 'pca_12', 'pca_13', 'pca_14', 'pca_15', 'pca_16', 'pca_17', 'pca_18', 'pca_19', 'pca_20', 'throughput_2']",2.233655458999692,,,False,
throughput_2,20,pca,dbscan,aic,0.007007007007007007,0.017364382172299193,0.5675675675675675,0.0,48.0,19.0,"['pca_1', 'pca_2', 'pca_3', 'pca_4', 'pca_5', 'pca_6', 'pca_9', 'pca_10', 'pca_11', 'pca_12', 'pca_13', 'pca_14', 'pca_15', 'pca_16', 'pca_17', 'pca_18', 'pca_19', 'pca_20', 'throughput_2']",4.900327458999982,,,False,
throughput_3,3,markov,classic_uniform,bic,0.998998998998999,0.9380248814019087,0.998998998998999,0.908908908908909,0.0,4.0,"['throughput_2', 'process_resident_memory_bytes_1', 'throughput_1', 'throughput_3']",5.0373722079998515,,,False,
throughput_3,3,markov,classic_uniform,aic,0.998998998998999,0.9324726804188516,0.998998998998999,0.908908908908909,0.0,4.0,"['throughput_2', 'avg_p_latency_3', 'buffer_size_3', 'throughput_3']",4.923910459000126,,,False,
throughput_3,3,markov,classic_quantile,bic,0.992992992992993,0.9044910010703137,0.987987987987988,0.09109109109109109,2.0,4.0,"['throughput_2', 'process_resident_memory_bytes_1', 'throughput_1', 'throughput_3']",5.142733416999818,,,False,
throughput_3,3,markov,classic_quantile,aic,0.9719719719719719,0.9009855013777066,0.987987987987988,0.09109109109109109,2.0,4.0,"['throughput_2', 'avg_p_latency_3', 'buffer_size_3', 'throughput_3']",4.932669166999858,,,False,
throughput_3,3,markov,kmeans,bic,0.998998998998999,0.9509912064889797,0.998998998998999,0.908908908908909,0.0,4.0,"['throughput_2', 'process_resident_memory_bytes_1', 'throughput_1', 'throughput_3']",5.051506750000044,,,False,
throughput_3,3,markov,kmeans,aic,0.998998998998999,0.9359709547833139,0.998998998998999,0.908908908908909,0.0,4.0,"['throughput_2', 'avg_p_latency_3', 'buffer_size_3', 'throughput_3']",4.809774125000331,,,False,
throughput_3,3,markov,dbscan,bic,,,,,,,,4.740621166999972,,,False,The node throughput_3_t1 is not in the digraph.
throughput_3,3,markov,dbscan,aic,0.3893893893893894,0.2789567674822257,0.6296296296296297,0.0,48.0,4.0,"['throughput_2', 'avg_p_latency_3', 'buffer_size_3', 'throughput_3']",4.904063624999708,,,False,
throughput_3,3,mrmr,classic_uniform,bic,0.998998998998999,0.9380248814019087,0.998998998998999,0.908908908908909,0.0,4.0,"['buffer_size_3', 'scrape_duration_seconds_2', 'throughput_2', 'throughput_3']",1.7460050419999789,,,False,
throughput_3,3,mrmr,classic_uniform,aic,0.998998998998999,0.9541076212066001,0.998998998998999,0.908908908908909,0.0,4.0,"['buffer_size_3', 'scrape_duration_seconds_2', 'throughput_2', 'throughput_3']",1.7475923329998295,,,False,
throughput_3,3,mrmr,classic_quantile,bic,0.992992992992993,0.9218648804697512,0.987987987987988,0.09109109109109109,2.0,4.0,"['buffer_size_3', 'scrape_duration_seconds_2', 'throughput_2', 'throughput_3']",1.7796042499999203,,,False,
throughput_3,3,mrmr,classic_quantile,aic,0.992992992992993,0.8425825214062531,0.987987987987988,0.09109109109109109,2.0,4.0,"['buffer_size_3', 'scrape_duration_seconds_2', 'throughput_2', 'throughput_3']",1.8327049579997947,,,False,
throughput_3,3,mrmr,kmeans,bic,0.998998998998999,0.9509912064889797,0.998998998998999,0.908908908908909,0.0,4.0,"['buffer_size_3', 'scrape_duration_seconds_2', 'throughput_2', 'throughput_3']",1.752300957999978,,,False,
throughput_3,3,mrmr,kmeans,aic,0.998998998998999,0.963769079738832,0.998998998998999,0.908908908908909,0.0,4.0,"['buffer_size_3', 'scrape_duration_seconds_2', 'throughput_2', 'throughput_3']",1.7615073749998373,,,False,
throughput_3,3,mrmr,dbscan,bic,,,,,,,,1.5086723750000601,,,False,The node throughput_3_t1 is not in the digraph.
throughput_3,3,mrmr,dbscan,aic,0.37237237237237236,0.40684936916830555,0.6296296296296297,0.0,48.0,3.0,"['buffer_size_3', 'throughput_2', 'throughput_3']",1.8108582079998996,,,False,
throughput_3,3,pca,classic_uniform,bic,,,,,,,,0.17795262500021636,,,False,1
throughput_3,3,pca,classic_uniform,aic,,,,,,,,0.218528249999963,,,False,1
throughput_3,3,pca,classic_quantile,bic,0.2752752752752753,0.19945990455756663,0.987987987987988,0.09109109109109109,2.0,4.0,"['pca_1', 'pca_2', 'pca_3', 'throughput_3']",0.45687345799979084,,,False,
throughput_3,3,pca,classic_quantile,aic,0.1881881881881882,0.19745680744958333,0.987987987987988,0.09109109109109109,2.0,4.0,"['pca_1', 'pca_2', 'pca_3', 'throughput_3']",0.43508687499979715,,,False,
throughput_3,3,pca,kmeans,bic,0.1941941941941942,0.1323394791926201,0.998998998998999,0.908908908908909,0.0,4.0,"['pca_1', 'pca_2', 'pca_3', 'throughput_3']",0.4585829160000685,,,False,
throughput_3,3,pca,kmeans,aic,0.1941941941941942,0.13047218602100594,0.998998998998999,0.908908908908909,0.0,4.0,"['pca_1', 'pca_2', 'pca_3', 'throughput_3']",0.5182639169997856,,,False,
throughput_3,3,pca,dbscan,bic,,,,,,,,0.08676650000006703,,,False,The node throughput_3_t1 is not in the digraph.
throughput_3,3,pca,dbscan,aic,0.036036036036036036,0.03214633009908308,0.6296296296296297,0.0,48.0,4.0,"['pca_1', 'pca_2', 'pca_3', 'throughput_3']",0.6624042910002572,,,False,
throughput_3,8,markov,classic_uniform,bic,,,,,,,,5.863806291999936,,,False,2
throughput_3,8,markov,classic_uniform,aic,,,,,,,,5.270090875000278,,,False,2
throughput_3,8,markov,classic_quantile,bic,0.992992992992993,0.6269273060843963,0.987987987987988,0.09109109109109109,2.0,9.0,"['data_quality_3', 'throughput_2', 'process_resident_memory_bytes_1', 'throughput_1', 'data_quality_1', 'buffer_size_3', 'process_cpu_seconds_total_3', 'process_cpu_seconds_total_2', 'throughput_3']",5.895978958999876,,,False,
throughput_3,8,markov,classic_quantile,aic,0.9719719719719719,0.7351894896743003,0.987987987987988,0.09109109109109109,2.0,9.0,"['throughput_2', 'avg_p_latency_3', 'buffer_size_3', 'process_cpu_seconds_total_3', 'process_cpu_seconds_total_2', 'python_gc_collections_total_1', 'process_cpu_seconds_total_1', 'python_gc_collections_total_4', 'throughput_3']",5.503531999999723,,,False,
throughput_3,8,markov,kmeans,bic,0.2782782782782783,0.4280678013002434,0.998998998998999,0.908908908908909,0.0,9.0,"['data_quality_3', 'throughput_2', 'process_resident_memory_bytes_1', 'throughput_1', 'data_quality_1', 'buffer_size_3', 'process_cpu_seconds_total_3', 'process_cpu_seconds_total_2', 'throughput_3']",5.9787253749996125,,,False,
throughput_3,8,markov,kmeans,aic,0.6216216216216216,0.461069291627331,0.998998998998999,0.908908908908909,0.0,9.0,"['throughput_2', 'avg_p_latency_3', 'buffer_size_3', 'process_cpu_seconds_total_3', 'process_cpu_seconds_total_2', 'python_gc_collections_total_1', 'process_cpu_seconds_total_1', 'python_gc_collections_total_4', 'throughput_3']",5.430677124999875,,,False,
throughput_3,8,markov,dbscan,bic,0.0,0.07631700154375484,0.6296296296296297,0.0,48.0,7.0,"['data_quality_3', 'throughput_2', 'process_resident_memory_bytes_1', 'throughput_1', 'data_quality_1', 'buffer_size_3', 'throughput_3']",5.467043124999691,,,False,
throughput_3,8,markov,dbscan,aic,0.3893893893893894,0.2789567674822257,0.6296296296296297,0.0,48.0,4.0,"['throughput_2', 'avg_p_latency_3', 'buffer_size_3', 'throughput_3']",4.972513832999994,,,False,
throughput_3,8,mrmr,classic_uniform,bic,,,,,,,,10.988218874999802,,,False,2
throughput_3,8,mrmr,classic_uniform,aic,,,,,,,,11.154099958999723,,,False,2
throughput_3,8,mrmr,classic_quantile,bic,0.991991991991992,0.5831574793639297,0.987987987987988,0.09109109109109109,2.0,9.0,"['buffer_size_3', 'scrape_duration_seconds_2', 'throughput_2', 'python_gc_collections_total_7', 'avg_p_latency_3', 'throughput_1', 'python_gc_objects_collected_total_4', 'avg_p_latency_2', 'throughput_3']",11.31904062500007,,,False,
throughput_3,8,mrmr,classic_quantile,aic,0.7547547547547547,0.4976038204185492,0.987987987987988,0.09109109109109109,2.0,9.0,"['buffer_size_3', 'scrape_duration_seconds_2', 'throughput_2', 'python_gc_collections_total_7', 'avg_p_latency_3', 'throughput_1', 'python_gc_objects_collected_total_4', 'avg_p_latency_2', 'throughput_3']",11.521209458000158,,,False,
throughput_3,8,mrmr,kmeans,bic,0.998998998998999,0.4727356317836002,0.998998998998999,0.908908908908909,0.0,9.0,"['buffer_size_3', 'scrape_duration_seconds_2', 'throughput_2', 'python_gc_collections_total_7', 'avg_p_latency_3', 'throughput_1', 'python_gc_objects_collected_total_4', 'avg_p_latency_2', 'throughput_3']",11.044672874999833,,,False,
throughput_3,8,mrmr,kmeans,aic,0.98998998998999,0.31807594406662687,0.998998998998999,0.908908908908909,0.0,9.0,"['buffer_size_3', 'scrape_duration_seconds_2', 'throughput_2', 'python_gc_collections_total_7', 'avg_p_latency_3', 'throughput_1', 'python_gc_objects_collected_total_4', 'avg_p_latency_2', 'throughput_3']",11.349504874999639,,,False,
throughput_3,8,mrmr,dbscan,bic,0.0,0.015006078541995871,0.6296296296296297,0.0,48.0,8.0,"['buffer_size_3', 'throughput_2', 'python_gc_collections_total_7', 'avg_p_latency_3', 'throughput_1', 'python_gc_objects_collected_total_4', 'avg_p_latency_2', 'throughput_3']",10.959793584000181,,,False,
throughput_3,8,mrmr,dbscan,aic,0.37237237237237236,0.4068493691683055,0.6296296296296297,0.0,48.0,8.0,"['buffer_size_3', 'throughput_2', 'python_gc_collections_total_7', 'avg_p_latency_3', 'throughput_1', 'python_gc_objects_collected_total_4', 'avg_p_latency_2', 'throughput_3']",11.343815291999817,,,False,
throughput_3,8,pca,classic_uniform,bic,,,,,,,,0.6511222920003092,,,False,1
throughput_3,8,pca,classic_uniform,aic,,,,,,,,1.1467004999999517,,,False,1
throughput_3,8,pca,classic_quantile,bic,0.2832832832832833,0.330252261417289,0.987987987987988,0.09109109109109109,2.0,9.0,"['pca_1', 'pca_2', 'pca_3', 'pca_4', 'pca_5', 'pca_6', 'pca_7', 'pca_8', 'throughput_3']",1.4503644579999673,,,False,
throughput_3,8,pca,classic_quantile,aic,0.07807807807807808,0.297659157818091,0.987987987987988,0.09109109109109109,2.0,9.0,"['pca_1', 'pca_2', 'pca_3', 'pca_4', 'pca_5', 'pca_6', 'pca_7', 'pca_8', 'throughput_3']",2.133036417000312,,,False,
throughput_3,8,pca,kmeans,bic,0.1881881881881882,0.29858735419137483,0.998998998998999,0.908908908908909,0.0,9.0,"['pca_1', 'pca_2', 'pca_3', 'pca_4', 'pca_5', 'pca_6', 'pca_7', 'pca_8', 'throughput_3']",1.30065387500008,,,False,
throughput_3,8,pca,kmeans,aic,0.2992992992992993,0.272638012901986,0.998998998998999,0.908908908908909,0.0,9.0,"['pca_1', 'pca_2', 'pca_3', 'pca_4', 'pca_5', 'pca_6', 'pca_7', 'pca_8', 'throughput_3']",1.4638501660001566,,,False,
throughput_3,8,pca,dbscan,bic,,,,,,,,0.25547591600025044,,,False,The node throughput_3_t1 is not in the digraph.
throughput_3,8,pca,dbscan,aic,0.002002002002002002,0.03169538988174295,0.6296296296296297,0.0,48.0,7.0,"['pca_1', 'pca_2', 'pca_3', 'pca_4', 'pca_5', 'pca_6', 'throughput_3']",0.8325778749999699,,,False,
throughput_3,12,markov,classic_uniform,bic,,,,,,,,6.366583667000214,,,False,2
throughput_3,12,markov,classic_uniform,aic,,,,,,,,6.45957345800025,,,False,2
throughput_3,12,markov,classic_quantile,bic,0.992992992992993,0.6103706316064451,0.987987987987988,0.09109109109109109,2.0,13.0,"['data_quality_3', 'throughput_2', 'process_resident_memory_bytes_1', 'throughput_1', 'data_quality_1', 'buffer_size_3', 'process_cpu_seconds_total_3', 'process_cpu_seconds_total_2', 'python_gc_collections_total_1', 'process_cpu_seconds_total_1', 'python_gc_collections_total_4', 'python_gc_objects_collected_total_2', 'throughput_3']",6.715963999999985,,,False,
throughput_3,12,markov,classic_quantile,aic,0.7547547547547547,0.5901619320326451,0.987987987987988,0.09109109109109109,2.0,13.0,"['throughput_2', 'avg_p_latency_3', 'buffer_size_3', 'process_cpu_seconds_total_3', 'process_cpu_seconds_total_2', 'python_gc_collections_total_1', 'process_cpu_seconds_total_1', 'python_gc_collections_total_4', 'python_gc_objects_collected_total_2', 'python_gc_objects_collected_total_3', 'python_gc_collections_total_2', 'python_gc_collections_total_3', 'throughput_3']",6.012611125000149,,,False,
throughput_3,12,markov,kmeans,bic,0.6396396396396397,0.35750023433013745,0.998998998998999,0.908908908908909,0.0,13.0,"['data_quality_3', 'throughput_2', 'process_resident_memory_bytes_1', 'throughput_1', 'data_quality_1', 'buffer_size_3', 'process_cpu_seconds_total_3', 'process_cpu_seconds_total_2', 'python_gc_collections_total_1', 'process_cpu_seconds_total_1', 'python_gc_collections_total_4', 'python_gc_objects_collected_total_2', 'throughput_3']",6.526913082999727,,,False,
throughput_3,12,markov,kmeans,aic,0.998998998998999,0.8733243164808828,0.998998998998999,0.908908908908909,0.0,13.0,"['throughput_2', 'avg_p_latency_3', 'buffer_size_3', 'process_cpu_seconds_total_3', 'process_cpu_seconds_total_2', 'python_gc_collections_total_1', 'process_cpu_seconds_total_1', 'python_gc_collections_total_4', 'python_gc_objects_collected_total_2', 'python_gc_objects_collected_total_3', 'python_gc_collections_total_2', 'python_gc_collections_total_3', 'throughput_3']",6.399283125000238,,,False,
throughput_3,12,markov,dbscan,bic,0.0,0.07631700154375484,0.6296296296296297,0.0,48.0,8.0,"['data_quality_3', 'throughput_2', 'process_resident_memory_bytes_1', 'throughput_1', 'data_quality_1', 'buffer_size_3', 'python_gc_objects_collected_total_2', 'throughput_3']",5.610483791999741,,,False,
throughput_3,12,markov,dbscan,aic,0.6376376376376376,0.20450091618771382,0.6296296296296297,0.0,48.0,8.0,"['throughput_2', 'avg_p_latency_3', 'buffer_size_3', 'python_gc_objects_collected_total_2', 'python_gc_objects_collected_total_3', 'python_gc_collections_total_2', 'python_gc_collections_total_3', 'throughput_3']",5.760854791999918,,,False,
throughput_3,12,mrmr,classic_uniform,bic,,,,,,,,24.65035874999967,,,False,2
throughput_3,12,mrmr,classic_uniform,aic,,,,,,,,24.732568207999975,,,False,2
throughput_3,12,mrmr,classic_quantile,bic,0.992992992992993,0.6530692245709845,0.987987987987988,0.09109109109109109,2.0,12.0,"['buffer_size_3', 'scrape_duration_seconds_2', 'throughput_2', 'python_gc_collections_total_7', 'avg_p_latency_3', 'throughput_1', 'python_gc_objects_collected_total_4', 'avg_p_latency_2', 'buffer_size_2', 'data_quality_3', 'python_gc_objects_collected_total_9', 'throughput_3']",24.720567332999963,,,False,
throughput_3,12,mrmr,classic_quantile,aic,0.8468468468468469,0.40852659613239356,0.987987987987988,0.09109109109109109,2.0,12.0,"['buffer_size_3', 'scrape_duration_seconds_2', 'throughput_2', 'python_gc_collections_total_7', 'avg_p_latency_3', 'throughput_1', 'python_gc_objects_collected_total_4', 'avg_p_latency_2', 'buffer_size_2', 'data_quality_3', 'python_gc_objects_collected_total_9', 'throughput_3']",25.80556679099982,,,False,
throughput_3,12,mrmr,kmeans,bic,0.998998998998999,0.4424773571911024,0.998998998998999,0.908908908908909,0.0,12.0,"['buffer_size_3', 'scrape_duration_seconds_2', 'throughput_2', 'python_gc_collections_total_7', 'avg_p_latency_3', 'throughput_1', 'python_gc_objects_collected_total_4', 'avg_p_latency_2', 'buffer_size_2', 'data_quality_3', 'python_gc_objects_collected_total_9', 'throughput_3']",24.805783625000004,,,False,
throughput_3,12,mrmr,kmeans,aic,0.998998998998999,0.4295431661318247,0.998998998998999,0.908908908908909,0.0,12.0,"['buffer_size_3', 'scrape_duration_seconds_2', 'throughput_2', 'python_gc_collections_total_7', 'avg_p_latency_3', 'throughput_1', 'python_gc_objects_collected_total_4', 'avg_p_latency_2', 'buffer_size_2', 'data_quality_3', 'python_gc_objects_collected_total_9', 'throughput_3']",24.986768374999883,,,False,
throughput_3,12,mrmr,dbscan,bic,0.0,0.023408961020086928,0.6296296296296297,0.0,48.0,11.0,"['buffer_size_3', 'throughput_2', 'python_gc_collections_total_7', 'avg_p_latency_3', 'throughput_1', 'python_gc_objects_collected_total_4', 'avg_p_latency_2', 'buffer_size_2', 'data_quality_3', 'python_gc_objects_collected_total_9', 'throughput_3']",23.811541791999844,,,False,
throughput_3,12,mrmr,dbscan,aic,0.0,0.018093010807919082,0.6296296296296297,0.0,48.0,11.0,"['buffer_size_3', 'throughput_2', 'python_gc_collections_total_7', 'avg_p_latency_3', 'throughput_1', 'python_gc_objects_collected_total_4', 'avg_p_latency_2', 'buffer_size_2', 'data_quality_3', 'python_gc_objects_collected_total_9', 'throughput_3']",24.232747250000102,,,False,
throughput_3,12,pca,classic_uniform,bic,,,,,,,,1.2910731249999117,,,False,1
throughput_3,12,pca,classic_uniform,aic,,,,,,,,2.11089954199997,,,False,1
throughput_3,12,pca,classic_quantile,bic,0.4364364364364364,0.3017807372676452,0.987987987987988,0.09109109109109109,2.0,13.0,"['pca_1', 'pca_2', 'pca_3', 'pca_4', 'pca_5', 'pca_6', 'pca_7', 'pca_8', 'pca_9', 'pca_10', 'pca_11', 'pca_12', 'throughput_3']",2.2695135829999344,,,False,
throughput_3,12,pca,classic_quantile,aic,0.23023023023023023,0.34501189636129276,0.987987987987988,0.09109109109109109,2.0,13.0,"['pca_1', 'pca_2', 'pca_3', 'pca_4', 'pca_5', 'pca_6', 'pca_7', 'pca_8', 'pca_9', 'pca_10', 'pca_11', 'pca_12', 'throughput_3']",2.844010167000306,,,False,
throughput_3,12,pca,kmeans,bic,0.1881881881881882,0.30921444521917224,0.998998998998999,0.908908908908909,0.0,13.0,"['pca_1', 'pca_2', 'pca_3', 'pca_4', 'pca_5', 'pca_6', 'pca_7', 'pca_8', 'pca_9', 'pca_10', 'pca_11', 'pca_12', 'throughput_3']",2.322463333000087,,,False,
throughput_3,12,pca,kmeans,aic,0.42342342342342343,0.28557827127843977,0.998998998998999,0.908908908908909,0.0,13.0,"['pca_1', 'pca_2', 'pca_3', 'pca_4', 'pca_5', 'pca_6', 'pca_7', 'pca_8', 'pca_9', 'pca_10', 'pca_11', 'pca_12', 'throughput_3']",2.7296973329998764,,,False,
throughput_3,12,pca,dbscan,bic,0.0,0.010631466480272269,0.6296296296296297,0.0,48.0,11.0,"['pca_1', 'pca_2', 'pca_3', 'pca_4', 'pca_5', 'pca_6', 'pca_9', 'pca_10', 'pca_11', 'pca_12', 'throughput_3']",1.1405974169997535,,,False,
throughput_3,12,pca,dbscan,aic,0.008008008008008008,0.01898803495661749,0.6296296296296297,0.0,48.0,11.0,"['pca_1', 'pca_2', 'pca_3', 'pca_4', 'pca_5', 'pca_6', 'pca_9', 'pca_10', 'pca_11', 'pca_12', 'throughput_3']",1.7932494589999806,,,False,
throughput_3,20,markov,classic_uniform,bic,,,,,,,,7.770558875000006,,,False,2
throughput_3,20,markov,classic_uniform,aic,,,,,,,,7.833991999999853,,,False,2
throughput_3,20,markov,classic_quantile,bic,0.8678678678678678,0.6048263801387095,0.987987987987988,0.09109109109109109,2.0,21.0,"['data_quality_3', 'throughput_2', 'process_resident_memory_bytes_1', 'throughput_1', 'data_quality_1', 'buffer_size_3', 'process_cpu_seconds_total_3', 'process_cpu_seconds_total_2', 'python_gc_collections_total_1', 'process_cpu_seconds_total_1', 'python_gc_collections_total_4', 'python_gc_objects_collected_total_2', 'python_gc_objects_collected_total_3', 'python_gc_collections_total_2', 'python_gc_collections_total_3', 'python_gc_collections_total_7', 'python_gc_collections_total_6', 'python_gc_collections_total_5', 'python_gc_objects_collected_total_5', 'python_gc_objects_collected_total_6', 'throughput_3']",8.536439166000036,,,False,
throughput_3,20,markov,classic_quantile,aic,0.7547547547547547,0.5411552457663609,0.987987987987988,0.09109109109109109,2.0,21.0,"['throughput_2', 'avg_p_latency_3', 'buffer_size_3', 'process_cpu_seconds_total_3', 'process_cpu_seconds_total_2', 'python_gc_collections_total_1', 'process_cpu_seconds_total_1', 'python_gc_collections_total_4', 'python_gc_objects_collected_total_2', 'python_gc_objects_collected_total_3', 'python_gc_collections_total_2', 'python_gc_collections_total_3', 'python_gc_collections_total_7', 'python_gc_collections_total_6', 'python_gc_collections_total_5', 'python_gc_objects_collected_total_5', 'python_gc_objects_collected_total_6', 'python_gc_collections_total_9', 'python_gc_collections_total_8', 'python_gc_objects_collected_total_8', 'throughput_3']",8.818503250000049,,,False,
throughput_3,20,markov,kmeans,bic,0.2782782782782783,0.42059540065914136,0.998998998998999,0.908908908908909,0.0,21.0,"['data_quality_3', 'throughput_2', 'process_resident_memory_bytes_1', 'throughput_1', 'data_quality_1', 'buffer_size_3', 'process_cpu_seconds_total_3', 'process_cpu_seconds_total_2', 'python_gc_collections_total_1', 'process_cpu_seconds_total_1', 'python_gc_collections_total_4', 'python_gc_objects_collected_total_2', 'python_gc_objects_collected_total_3', 'python_gc_collections_total_2', 'python_gc_collections_total_3', 'python_gc_collections_total_7', 'python_gc_collections_total_6', 'python_gc_collections_total_5', 'python_gc_objects_collected_total_5', 'python_gc_objects_collected_total_6', 'throughput_3']",8.330388249999942,,,False,
throughput_3,20,markov,kmeans,aic,0.998998998998999,0.8071801354060713,0.998998998998999,0.908908908908909,0.0,21.0,"['throughput_2', 'avg_p_latency_3', 'buffer_size_3', 'process_cpu_seconds_total_3', 'process_cpu_seconds_total_2', 'python_gc_collections_total_1', 'process_cpu_seconds_total_1', 'python_gc_collections_total_4', 'python_gc_objects_collected_total_2', 'python_gc_objects_collected_total_3', 'python_gc_collections_total_2', 'python_gc_collections_total_3', 'python_gc_collections_total_7', 'python_gc_collections_total_6', 'python_gc_collections_total_5', 'python_gc_objects_collected_total_5', 'python_gc_objects_collected_total_6', 'python_gc_collections_total_9', 'python_gc_collections_total_8', 'python_gc_objects_collected_total_8', 'throughput_3']",8.451739458000247,,,False,
throughput_3,20,markov,dbscan,bic,0.0,0.07631700154375484,0.6296296296296297,0.0,48.0,16.0,"['data_quality_3', 'throughput_2', 'process_resident_memory_bytes_1', 'throughput_1', 'data_quality_1', 'buffer_size_3', 'python_gc_objects_collected_total_2', 'python_gc_objects_collected_total_3', 'python_gc_collections_total_2', 'python_gc_collections_total_3', 'python_gc_collections_total_7', 'python_gc_collections_total_6', 'python_gc_collections_total_5', 'python_gc_objects_collected_total_5', 'python_gc_objects_collected_total_6', 'throughput_3']",6.640284457999769,,,False,
throughput_3,20,markov,dbscan,aic,0.08208208208208208,0.05105008489133186,0.6296296296296297,0.0,48.0,16.0,"['throughput_2', 'avg_p_latency_3', 'buffer_size_3', 'python_gc_objects_collected_total_2', 'python_gc_objects_collected_total_3', 'python_gc_collections_total_2', 'python_gc_collections_total_3', 'python_gc_collections_total_7', 'python_gc_collections_total_6', 'python_gc_collections_total_5', 'python_gc_objects_collected_total_5', 'python_gc_objects_collected_total_6', 'python_gc_collections_total_9', 'python_gc_collections_total_8', 'python_gc_objects_collected_total_8', 'throughput_3']",6.671093957999801,,,False,
throughput_3,20,mrmr,classic_uniform,bic,,,,,,,,62.64008716699982,,,False,2
throughput_3,20,mrmr,classic_uniform,aic,,,,,,,,63.01331454199999,,,False,2
throughput_3,20,mrmr,classic_quantile,bic,0.992992992992993,0.5435874583578547,0.987987987987988,0.09109109109109109,2.0,18.0,"['buffer_size_3', 'scrape_duration_seconds_2', 'throughput_2', 'python_gc_collections_total_7', 'avg_p_latency_3', 'throughput_1', 'python_gc_objects_collected_total_4', 'avg_p_latency_2', 'buffer_size_2', 'data_quality_3', 'python_gc_objects_collected_total_9', 'python_gc_objects_collected_total_1', 'data_quality_2', 'python_gc_objects_collected_total_2', 'python_gc_objects_collected_total_8', 'process_resident_memory_bytes_1', 'data_quality_1', 'throughput_3']",63.457554374999745,,,False,
throughput_3,20,mrmr,classic_quantile,aic,0.45045045045045046,0.4040050144292994,0.987987987987988,0.09109109109109109,2.0,18.0,"['buffer_size_3', 'scrape_duration_seconds_2', 'throughput_2', 'python_gc_collections_total_7', 'avg_p_latency_3', 'throughput_1', 'python_gc_objects_collected_total_4', 'avg_p_latency_2', 'buffer_size_2', 'data_quality_3', 'python_gc_objects_collected_total_9', 'python_gc_objects_collected_total_1', 'data_quality_2', 'python_gc_objects_collected_total_2', 'python_gc_objects_collected_total_8', 'process_resident_memory_bytes_1', 'data_quality_1', 'throughput_3']",64.70373612499998,,,False,
throughput_3,20,mrmr,kmeans,bic,0.998998998998999,0.6380248375059123,0.998998998998999,0.908908908908909,0.0,18.0,"['buffer_size_3', 'scrape_duration_seconds_2', 'throughput_2', 'python_gc_collections_total_7', 'avg_p_latency_3', 'throughput_1', 'python_gc_objects_collected_total_4', 'avg_p_latency_2', 'buffer_size_2', 'data_quality_3', 'python_gc_objects_collected_total_9', 'python_gc_objects_collected_total_1', 'data_quality_2', 'python_gc_objects_collected_total_2', 'python_gc_objects_collected_total_8', 'process_resident_memory_bytes_1', 'data_quality_1', 'throughput_3']",63.191034083999966,,,False,
throughput_3,20,mrmr,kmeans,aic,0.998998998998999,0.4930226538416423,0.998998998998999,0.908908908908909,0.0,18.0,"['buffer_size_3', 'scrape_duration_seconds_2', 'throughput_2', 'python_gc_collections_total_7', 'avg_p_latency_3', 'throughput_1', 'python_gc_objects_collected_total_4', 'avg_p_latency_2', 'buffer_size_2', 'data_quality_3', 'python_gc_objects_collected_total_9', 'python_gc_objects_collected_total_1', 'data_quality_2', 'python_gc_objects_collected_total_2', 'python_gc_objects_collected_total_8', 'process_resident_memory_bytes_1', 'data_quality_1', 'throughput_3']",63.41164745800006,,,False,
throughput_3,20,mrmr,dbscan,bic,0.0,0.04232405708537103,0.6296296296296297,0.0,48.0,17.0,"['buffer_size_3', 'throughput_2', 'python_gc_collections_total_7', 'avg_p_latency_3', 'throughput_1', 'python_gc_objects_collected_total_4', 'avg_p_latency_2', 'buffer_size_2', 'data_quality_3', 'python_gc_objects_collected_total_9', 'python_gc_objects_collected_total_1', 'data_quality_2', 'python_gc_objects_collected_total_2', 'python_gc_objects_collected_total_8', 'process_resident_memory_bytes_1', 'data_quality_1', 'throughput_3']",62.12193037499992,,,False,
throughput_3,20,mrmr,dbscan,aic,0.0,0.03958950010961031,0.6296296296296297,0.0,48.0,17.0,"['buffer_size_3', 'throughput_2', 'python_gc_collections_total_7', 'avg_p_latency_3', 'throughput_1', 'python_gc_objects_collected_total_4', 'avg_p_latency_2', 'buffer_size_2', 'data_quality_3', 'python_gc_objects_collected_total_9', 'python_gc_objects_collected_total_1', 'data_quality_2', 'python_gc_objects_collected_total_2', 'python_gc_objects_collected_total_8', 'process_resident_memory_bytes_1', 'data_quality_1', 'throughput_3']",62.34241712499988,,,False,
throughput_3,20,pca,classic_uniform,bic,,,,,,,,3.515406333000101,,,False,1
throughput_3,20,pca,classic_uniform,aic,,,,,,,,6.013964458999908,,,False,1
throughput_3,20,pca,classic_quantile,bic,0.2602602602602603,0.39734617425228014,0.987987987987988,0.09109109109109109,2.0,21.0,"['pca_1', 'pca_2', 'pca_3', 'pca_4', 'pca_5', 'pca_6', 'pca_7', 'pca_8', 'pca_9', 'pca_10', 'pca_11', 'pca_12', 'pca_13', 'pca_14', 'pca_15', 'pca_16', 'pca_17', 'pca_18', 'pca_19', 'pca_20', 'throughput_3']",5.185631415999978,,,False,
throughput_3,20,pca,classic_quantile,aic,0.1891891891891892,0.3544954968882328,0.987987987987988,0.09109109109109109,2.0,21.0,"['pca_1', 'pca_2', 'pca_3', 'pca_4', 'pca_5', 'pca_6', 'pca_7', 'pca_8', 'pca_9', 'pca_10', 'pca_11', 'pca_12', 'pca_13', 'pca_14', 'pca_15', 'pca_16', 'pca_17', 'pca_18', 'pca_19', 'pca_20', 'throughput_3']",13.622122541999943,,,False,
throughput_3,20,pca,kmeans,bic,0.1881881881881882,0.29954575186403865,0.998998998998999,0.908908908908909,0.0,21.0,"['pca_1', 'pca_2', 'pca_3', 'pca_4', 'pca_5', 'pca_6', 'pca_7', 'pca_8', 'pca_9', 'pca_10', 'pca_11', 'pca_12', 'pca_13', 'pca_14', 'pca_15', 'pca_16', 'pca_17', 'pca_18', 'pca_19', 'pca_20', 'throughput_3']",5.394829625000057,,,False,
throughput_3,20,pca,kmeans,aic,0.16516516516516516,0.3075152883388774,0.998998998998999,0.908908908908909,0.0,21.0,"['pca_1', 'pca_2', 'pca_3', 'pca_4', 'pca_5', 'pca_6', 'pca_7', 'pca_8', 'pca_9', 'pca_10', 'pca_11', 'pca_12', 'pca_13', 'pca_14', 'pca_15', 'pca_16', 'pca_17', 'pca_18', 'pca_19', 'pca_20', 'throughput_3']",11.349424415999692,,,False,
throughput_3,20,pca,dbscan,bic,0.0,0.010631466480272269,0.6296296296296297,0.0,48.0,19.0,"['pca_1', 'pca_2', 'pca_3', 'pca_4', 'pca_5', 'pca_6', 'pca_9', 'pca_10', 'pca_11', 'pca_12', 'pca_13', 'pca_14', 'pca_15', 'pca_16', 'pca_17', 'pca_18', 'pca_19', 'pca_20', 'throughput_3']",2.3713517920000413,,,False,
throughput_3,20,pca,dbscan,aic,0.008008008008008008,0.018988034956617487,0.6296296296296297,0.0,48.0,19.0,"['pca_1', 'pca_2', 'pca_3', 'pca_4', 'pca_5', 'pca_6', 'pca_9', 'pca_10', 'pca_11', 'pca_12', 'pca_13', 'pca_14', 'pca_15', 'pca_16', 'pca_17', 'pca_18', 'pca_19', 'pca_20', 'throughput_3']",4.152150124999935,,,False,
